Amount_of_chicken,Amount_of_Feeding,Ammonia,Temperature,Humidity,Light_Intensity,Noise,Total_egg_production
1626,241.3,19.3,11.9,52.5,380.0,368.5,406
124,115.8,12.9,12.9,50.7,264.7,116.0,37
9320,217.4,21.2,23.1,65.5,652.7,539.1,3579
2291,258.6,17.5,27.0,59.4,481.8,236.3,1114
15,62.0,13.6,20.7,71.4,563.4,95.5,8
19,75.4,15.7,30.4,61.9,681.7,169.6,7
32,98.3,6.1,9.6,55.4,322.5,141.3,12
522,171.7,24.8,16.2,66.3,420.5,235.2,144
901,200.9,26.1,17.6,67.5,358.0,267.0,268
89,130.3,14.7,,68.4,466.0,187.4,32
29,67.5,14.4,31.1,54.6,524.1,131.0,12
560,147.6,10.5,35.6,64.8,830.3,207.9,283
98,86.2,15.8,24.0,56.2,496.1,96.5,42
264,218.1,10.2,20.4,60.0,343.5,253.4,90
50,93.8,7.8,21.1,60.2,350.7,171.0,23
876,194.4,24.9,14.3,77.2,462.4,212.8,296
88,97.8,13.8,20.3,63.5,329.1,171.3,30
18,75.2,16.4,12.1,53.0,201.4,177.1,6
15,84.0,18.6,32.0,77.6,621.2,169.8,7
2460,373.6,29.8,16.4,61.2,452.9,329.4,777
308,244.0,22.7,10.4,51.8,227.1,270.6,64
3968,367.8,24.9,19.4,65.7,431.6,321.7,1258
2720,284.2,27.9,14.6,60.2,315.1,254.2,703
2800,301.1,20.9,21.0,71.6,347.2,433.2,776
324,236.8,9.4,12.0,75.3,352.6,292.4,113
22,100.6,15.6,32.1,80.1,622.1,125.0,11
687,180.9,15.4,17.7,61.1,356.9,293.0,201
176,149.5,15.6,5.0,54.7,307.9,130.7,52
837,116.4,11.9,19.2,64.8,449.0,228.6,322
46,101.1,16.6,19.2,61.1,276.3,160.8,12
37,86.4,10.8,28.8,79.5,693.7,114.0,16
182,90.5,17.1,16.1,50.7,480.6,140.2,63
69,144.4,10.9,28.0,55.8,717.3,108.3,49
65,142.8,19.9,28.5,52.3,513.3,215.4,28
1267,198.4,43.4,17.8,63.7,355.9,304.2,262
2042,230.1,22.4,21.9,59.1,486.0,302.9,848
426,142.0,11.1,10.8,50.2,353.6,223.5,138
116,130.3,13.3,22.9,56.6,474.8,137.7,53
101,77.3,7.9,17.7,57.0,626.6,192.7,54
75,128.8,2.4,14.1,55.1,277.5,171.5,28
194,108.0,10.3,13.4,69.1,257.0,148.1,59
730,171.5,9.0,15.7,57.8,417.6,263.9,293
96,115.1,6.6,11.3,60.6,283.2,105.4,24
121,90.6,10.8,16.4,68.7,406.3,155.5,39
522,204.6,17.8,18.4,75.5,440.8,332.4,197
891,205.5,25.2,31.4,76.3,729.0,299.0,274
2359,257.7,25.6,26.9,52.9,676.0,303.8,0
179,129.0,13.1,14.6,48.9,216.6,141.7,53
2283,245.0,31.2,17.8,71.9,480.1,300.8,731
173,90.1,17.9,18.7,51.3,,180.3,49
532,116.4,18.8,27.9,64.1,522.2,228.0,233
9499,382.3,29.0,11.3,57.4,321.6,473.3,1634
686,133.7,20.6,26.7,52.0,634.6,195.4,312
794,234.0,21.5,25.9,73.3,530.5,306.6,389
78,79.9,10.2,24.9,84.6,702.8,131.8,0
976,179.9,28.1,7.0,48.0,345.5,318.9,148
2053,186.7,27.9,15.8,84.9,410.9,276.7,421
22,83.7,16.7,8.8,45.4,268.1,143.9,5
574,217.8,5.2,32.6,91.7,732.1,262.9,270
466,187.3,15.6,30.8,50.8,438.8,339.5,151
859,164.5,23.1,14.6,55.1,329.7,255.7,267
4486,419.2,42.1,22.3,62.9,515.8,542.9,1009
32,75.8,11.6,18.9,57.3,296.0,160.9,14
144,103.0,19.5,20.9,77.8,584.3,83.1,90
514,196.7,12.9,25.1,56.1,472.2,254.5,314
80,167.8,19.4,,57.7,275.2,183.9,0
752,187.2,20.9,27.3,64.0,554.6,212.9,373
6372,385.4,18.3,10.9,55.7,227.9,531.9,1274
192,143.4,9.7,24.3,69.0,408.6,145.1,121
508,108.0,30.6,19.9,63.1,498.1,239.4,100
240,114.2,27.3,21.4,76.3,671.0,293.3,84
2915,193.2,23.8,20.8,81.8,362.5,327.9,819
2118,242.7,30.1,11.4,48.8,332.7,315.1,426
3290,664.6,27.0,21.7,76.1,367.3,489.0,709
1851,255.2,37.3,21.6,58.3,516.1,,647
7284,410.7,28.8,12.6,64.6,281.4,499.3,1325
9945,275.5,36.7,13.5,58.0,338.0,465.5,1380
304,147.1,21.6,26.4,56.5,509.0,288.3,0
146,101.9,16.2,24.5,65.4,754.1,149.4,86
66,87.1,10.9,24.2,88.5,517.0,129.3,27
8953,664.8,22.7,29.9,76.8,617.9,440.4,3479
533,244.9,22.1,21.2,61.8,423.0,213.3,195
10,75.9,8.3,14.8,56.1,300.4,81.6,2
151,139.9,,21.7,49.4,211.5,178.1,41
920,235.1,23.6,27.4,69.3,595.3,289.1,354
154,122.6,8.1,12.0,64.9,269.7,169.4,47
37,86.4,12.1,21.4,65.4,489.1,157.5,21
4291,478.7,8.7,24.8,55.2,389.9,421.0,1646
124,116.6,10.6,26.4,58.9,492.1,153.1,73
2510,240.2,53.5,28.8,66.0,515.7,384.5,418
986,143.2,14.3,19.1,51.2,566.8,260.8,466
826,206.2,13.4,14.6,53.3,418.6,278.6,284
460,168.0,11.0,16.5,86.5,466.2,180.6,178
64,122.3,8.0,19.7,65.7,708.5,139.8,43
140,107.6,12.8,6.9,64.8,366.4,151.0,41
493,132.0,25.1,24.8,71.7,619.0,185.8,195
334,171.4,6.9,29.9,67.5,543.2,212.9,171
43,72.5,4.4,18.9,69.4,570.9,139.9,28
26,78.1,15.2,19.4,55.3,306.4,150.1,8
472,228.6,18.4,23.8,62.9,459.1,237.4,192
175,100.3,8.9,18.8,65.9,461.8,130.2,72
349,184.3,17.7,27.1,67.6,592.7,230.0,151
27,73.7,10.2,6.9,60.9,268.3,130.0,0
5998,434.7,27.2,23.1,65.1,471.1,326.5,2016
65,106.0,15.6,23.9,62.2,592.6,143.4,31
195,115.4,4.5,27.5,65.4,582.9,209.6,103
197,120.8,3.1,20.1,65.1,410.5,177.2,75
1055,156.8,19.8,33.8,80.9,565.1,399.9,287
2333,303.7,19.8,16.7,55.6,498.2,272.8,1049
530,203.1,11.9,18.3,64.4,434.0,229.8,313
2241,274.4,20.6,20.9,79.7,469.0,357.5,1058
1639,162.9,24.1,23.1,61.6,491.6,544.6,524
1420,229.0,33.8,12.7,60.9,295.3,287.2,285
692,206.5,21.2,11.5,59.1,347.4,207.4,170
1941,237.6,18.9,21.4,53.4,450.1,420.6,612
304,159.5,15.9,14.3,51.9,278.1,256.9,67
1419,255.3,20.1,23.1,78.6,561.5,307.0,615
135,111.6,20.4,16.1,71.4,284.9,161.5,45
505,131.5,28.1,17.0,66.3,323.9,224.5,148
396,152.1,11.2,19.9,59.0,386.2,298.3,147
549,170.8,16.6,23.9,59.6,605.9,268.4,221
147,112.7,11.3,28.8,66.4,683.8,214.7,87
1903,274.8,24.6,24.6,57.5,320.7,257.8,931
988,230.5,16.3,28.5,85.7,514.8,265.5,482
1640,178.0,21.3,24.4,52.8,423.4,214.8,674
2324,244.6,34.2,22.0,68.5,446.1,228.6,796
9437,560.5,6.7,21.7,52.4,325.4,387.4,3590
692,195.7,14.4,34.9,63.8,755.0,312.6,358
817,182.9,25.1,26.3,94.4,499.4,284.3,284
5040,616.0,12.2,16.4,56.0,556.1,375.8,2108
85,143.2,10.9,23.6,68.9,595.8,153.3,44
2466,280.7,31.2,7.7,59.6,330.8,315.6,640
58,112.7,18.6,16.7,69.3,257.6,121.2,13
2347,330.2,27.5,7.7,52.8,261.6,275.4,586
318,159.5,12.9,9.9,52.3,309.4,232.0,104
2523,186.6,28.5,19.8,57.5,627.5,279.3,1042
1100,230.0,32.5,22.8,58.8,455.5,388.1,0
116,141.0,4.5,33.9,59.8,674.0,126.4,65
742,80.3,25.3,22.0,58.2,553.8,337.1,226
3629,316.9,25.8,15.8,63.1,208.0,236.4,830
2403,278.2,18.3,21.0,54.2,180.0,339.6,791
259,197.4,18.4,19.6,64.0,433.6,237.7,130
80,103.6,7.7,13.9,49.2,272.7,169.7,22
952,156.6,22.8,5.0,68.4,167.7,197.2,156
713,147.2,12.8,15.6,69.7,333.6,306.3,225
2282,261.1,29.6,20.2,69.6,447.9,287.1,708
368,237.7,20.6,18.6,49.7,396.0,209.8,134
659,201.5,20.3,14.2,57.3,316.9,260.9,179
846,151.8,11.6,12.5,53.5,344.3,325.8,221
1910,291.6,31.4,11.6,53.7,188.0,414.8,295
10,91.9,15.0,19.4,63.2,384.2,202.7,2
554,140.3,12.5,18.1,46.8,423.1,213.3,196
109,130.1,8.9,22.4,55.3,316.1,153.9,46
1718,321.5,31.3,6.4,63.0,308.6,400.0,358
75,133.5,11.1,16.5,57.5,498.3,155.7,35
189,89.5,12.3,12.3,56.0,391.3,216.3,56
1705,248.4,29.1,16.8,71.3,458.5,446.3,544
2219,248.3,22.6,23.6,73.4,692.6,329.2,1067
157,69.6,10.3,29.8,67.1,491.9,111.3,66
361,99.0,14.6,22.6,62.6,574.7,186.5,160
132,118.4,11.2,19.6,78.1,425.8,114.5,39
378,110.7,15.3,26.4,70.3,,193.7,152
38,113.1,10.3,12.3,45.9,315.8,157.2,12
126,119.6,17.3,17.7,57.6,566.6,178.8,64
2770,222.8,24.7,22.8,62.0,553.9,264.8,1223
6769,343.1,39.5,24.9,48.4,445.8,374.8,1798
2833,196.1,28.9,21.2,59.9,623.0,310.5,972
1541,272.9,26.0,28.3,72.0,470.5,435.7,498
252,227.7,18.9,9.9,63.0,349.6,199.1,78
949,103.0,12.0,29.7,89.3,618.0,303.2,349
2035,180.3,24.4,21.9,56.8,440.0,367.8,808
1914,257.8,34.3,30.1,58.2,364.1,282.0,491
19,75.3,9.6,25.5,66.5,524.0,167.0,10
1729,241.8,39.1,11.3,55.0,356.6,299.6,304
7493,554.5,23.0,19.9,59.3,694.8,514.9,3706
8909,433.7,15.7,21.3,60.5,387.9,546.6,2946
90,165.2,11.9,8.7,51.0,167.0,146.2,26
983,182.8,12.8,23.6,68.6,465.2,222.3,406
39,72.5,8.0,15.1,67.9,306.1,184.6,16
175,147.9,13.1,14.7,60.3,365.2,145.2,54
10,80.1,8.4,35.0,61.8,567.4,184.7,5
1356,216.5,15.7,24.8,63.2,418.6,262.4,613
245,145.7,18.0,13.7,58.3,207.8,169.4,71
943,215.9,18.7,21.5,68.4,842.9,197.5,582
2804,250.8,27.1,15.3,66.7,516.4,319.1,1164
726,155.0,22.0,32.7,63.5,454.8,332.9,205
2143,277.4,19.7,22.4,63.3,509.3,350.2,890
421,119.9,19.5,10.2,55.9,303.3,148.9,90
43,77.8,9.1,27.8,76.8,580.2,156.5,2
907,184.9,15.9,,58.4,287.0,286.5,188
181,133.9,14.4,19.9,70.5,475.7,137.7,76
1758,380.6,28.7,18.6,68.7,352.4,335.0,577
333,192.9,13.7,20.6,69.0,480.9,306.0,151
593,178.8,26.9,22.1,68.3,533.4,210.3,258
193,119.6,10.2,25.8,63.1,655.9,154.3,128
333,269.8,23.9,9.8,63.3,500.2,352.6,111
149,137.0,15.3,26.8,70.9,465.3,198.5,55
198,101.2,6.7,32.1,67.2,621.9,154.2,107
66,155.1,14.2,27.2,71.8,639.9,157.1,30
434,137.5,17.0,21.6,57.0,400.5,296.6,159
384,150.7,5.5,19.9,60.9,472.6,307.6,220
567,217.7,17.7,25.1,71.8,510.3,187.7,341
176,108.5,9.6,17.5,46.7,288.2,154.3,54
1015,226.9,27.3,8.9,55.7,284.0,399.2,191
503,179.9,4.6,30.4,71.4,684.6,325.2,264
42,69.7,5.0,22.3,57.9,548.6,123.2,20
1593,178.3,25.8,16.0,64.3,545.2,449.3,413
473,133.7,33.1,18.4,64.8,427.5,260.3,98
672,164.5,10.5,12.2,57.7,299.8,252.8,222
113,86.1,7.2,15.2,52.5,272.5,130.5,49
546,218.1,20.6,12.3,52.8,328.0,273.9,151
52,117.2,15.7,25.6,73.1,656.8,120.7,31
805,104.4,16.5,22.6,57.9,539.8,330.7,320
230,111.9,20.3,18.1,66.0,355.7,244.7,66
13,82.2,19.0,9.6,56.6,346.2,101.8,4
22,99.4,14.3,23.8,67.4,411.9,164.7,11
608,172.6,22.5,19.9,60.9,311.4,255.2,127
41,65.9,12.2,11.7,75.5,381.9,179.9,16
145,115.8,11.9,31.4,62.9,703.8,97.7,68
754,147.2,27.1,20.2,54.9,364.0,300.3,235
10,76.3,12.1,19.3,59.9,271.1,115.7,4
900,195.9,33.5,28.9,72.1,696.1,300.0,330
76,115.2,11.7,18.4,66.2,294.5,125.5,16
895,100.9,13.4,23.4,55.7,678.0,231.1,571
36,63.4,9.5,11.7,63.0,480.7,177.4,14
992,192.3,12.2,27.0,61.2,683.3,335.3,493
47,82.4,10.9,25.6,60.1,505.8,170.5,22
20,100.4,13.0,18.6,73.9,232.6,87.5,6
12,73.6,10.4,18.7,56.5,748.4,140.2,7
66,102.3,13.9,13.5,50.9,226.9,194.8,17
785,241.4,26.3,19.4,53.7,515.6,292.1,379
208,136.5,19.5,16.3,50.3,449.1,227.5,59
192,90.6,12.4,19.7,51.4,592.8,151.2,124
850,219.8,22.3,5.7,56.1,327.0,219.6,172
400,184.0,24.9,10.8,63.4,230.3,259.5,101
126,102.4,12.6,5.0,50.7,269.3,208.9,26
2717,260.0,19.7,19.7,68.7,504.2,264.1,1058
45,78.8,14.0,15.3,57.0,330.0,176.5,13
2594,233.5,15.3,23.2,58.0,443.7,437.0,1196
865,184.2,18.7,9.4,54.7,367.7,218.3,213
947,120.0,13.9,20.0,56.6,536.3,249.5,415
29,86.4,12.2,14.6,58.4,352.8,122.6,8
729,204.9,15.8,14.4,56.1,380.3,249.4,251
1213,267.4,36.9,13.5,61.0,395.8,227.5,286
156,147.5,14.0,8.6,58.8,260.1,164.3,36
1003,203.3,14.4,19.0,46.3,565.1,409.0,435
596,178.4,6.2,28.1,58.2,676.9,255.9,349
2516,225.2,37.2,24.6,60.8,326.6,367.8,678
725,205.1,13.4,29.4,57.2,789.3,244.7,502
10,86.5,14.5,19.8,86.5,451.1,184.3,4
2350,272.7,19.8,19.3,53.7,461.2,327.4,1031
8340,404.3,23.3,27.6,76.1,596.9,454.7,2693
49,61.5,21.7,20.9,49.8,345.5,131.7,17
317,226.5,13.3,14.4,80.9,398.2,255.0,149
11,76.6,15.6,20.2,62.2,497.2,165.1,5
222,210.3,19.7,14.7,59.7,295.2,281.2,61
276,216.4,2.0,27.6,76.9,300.5,202.9,135
2189,218.6,24.2,8.4,61.8,222.9,491.9,325
193,86.3,12.2,6.6,65.3,336.6,143.6,49
50,85.1,16.2,16.0,58.4,569.4,83.7,22
120,161.1,13.9,15.0,53.6,218.3,180.6,42
1120,284.2,6.5,23.2,63.6,394.0,376.7,514
30,87.8,14.3,27.6,92.7,706.7,111.7,13
783,233.8,13.7,,70.8,478.0,282.0,389
37,102.1,17.0,20.4,48.7,572.3,116.5,22
1683,206.8,11.5,20.3,69.1,662.9,301.3,704
2076,344.7,12.0,9.3,,336.3,302.4,665
928,168.9,12.4,21.6,71.0,289.2,317.5,246
1243,190.7,29.2,24.1,58.9,616.6,219.3,481
2929,212.8,22.9,21.3,57.2,602.7,411.8,1069
592,215.0,22.0,11.4,65.0,414.6,191.3,142
59,143.2,9.1,25.2,71.9,598.1,81.7,31
76,138.0,2.0,26.2,73.4,654.7,180.6,55
76,121.5,11.9,,62.0,605.5,149.5,49
470,120.9,11.9,18.0,,402.8,269.1,155
1249,276.7,32.4,23.9,53.0,682.1,407.2,551
18,61.6,20.0,5.0,66.5,311.9,118.7,4
598,179.1,13.1,8.7,52.7,238.1,177.6,178
103,86.7,4.8,12.9,64.6,339.9,138.8,39
480,220.4,18.3,7.2,49.5,386.9,243.1,139
920,138.5,27.8,15.0,54.4,368.6,257.8,223
24,61.8,16.6,11.5,61.7,319.6,139.2,6
918,87.8,30.7,23.0,55.7,603.3,197.0,291
110,104.2,13.4,22.9,64.0,645.6,169.9,49
1359,185.2,22.4,10.8,64.9,217.7,262.2,291
183,114.0,12.0,23.5,82.3,866.5,118.6,115
317,193.1,12.5,25.7,43.9,509.4,290.2,150
150,117.5,13.7,24.2,61.1,494.6,161.8,82
2091,278.9,20.9,13.2,51.6,214.7,318.5,565
201,178.0,12.4,30.0,71.5,645.6,226.4,94
539,192.0,17.9,5.0,56.9,387.6,257.6,152
43,93.1,14.8,16.5,65.7,370.2,155.3,12
674,215.3,17.0,29.6,47.2,609.7,300.8,312
439,131.4,26.9,17.8,62.1,425.3,322.6,104
645,152.8,23.5,13.7,62.2,343.4,226.5,161
867,256.5,17.3,15.5,59.5,619.2,156.5,460
665,125.7,17.4,17.4,51.6,403.7,297.4,177
73,144.5,9.5,23.4,67.9,484.1,167.3,32
964,139.2,20.5,13.9,54.7,240.0,241.7,215
2494,302.0,30.9,10.5,57.3,317.4,347.6,610
7474,634.0,7.9,12.2,54.3,226.7,441.3,2047
2301,191.0,19.9,25.0,59.3,370.9,375.2,698
1499,223.6,19.9,14.3,67.5,390.1,475.1,268
559,212.4,19.9,14.7,57.4,509.7,283.9,0
957,214.8,16.8,21.2,73.6,369.0,261.0,282
947,266.5,23.3,19.8,47.5,294.5,251.3,285
197,118.4,9.0,22.4,66.1,509.2,107.9,118
46,80.5,11.3,21.0,65.5,362.8,97.6,17
1582,297.5,26.8,21.3,45.2,363.4,451.8,357
969,129.4,16.6,26.6,61.1,441.0,282.3,366
547,116.1,17.6,5.0,54.8,216.0,233.5,111
408,157.5,24.2,21.9,54.4,640.9,245.2,169
501,215.1,14.3,26.0,60.8,331.1,306.3,215
41,91.7,13.7,30.9,75.6,585.9,137.3,18
2225,316.7,20.2,16.3,52.9,411.7,387.8,651
30,50.3,16.0,12.2,51.7,376.6,179.0,9
3351,582.3,18.9,14.6,54.7,256.9,428.5,795
32,63.6,13.0,12.7,61.0,316.1,130.3,10
254,149.2,20.3,13.9,66.1,367.0,257.6,63
1022,245.0,27.4,11.0,58.9,266.5,360.5,132
136,54.3,7.3,9.9,61.9,196.0,157.9,42
2739,245.7,25.9,8.3,56.4,266.8,279.4,644
18,73.3,7.3,15.0,73.2,347.9,181.5,5
813,234.2,9.8,20.3,54.1,328.4,241.6,472
2278,141.2,40.3,18.9,79.5,561.0,399.7,483
890,230.9,21.0,14.9,56.9,268.6,291.9,207
2912,80.0,35.4,10.1,50.0,210.4,269.8,394
92,103.1,10.7,20.9,68.3,563.7,129.0,60
962,207.5,12.7,15.5,80.9,336.0,272.0,341
493,170.6,17.4,17.7,43.8,258.9,266.5,149
877,199.2,14.9,23.9,70.7,417.0,252.0,373
656,76.7,16.1,24.7,71.3,735.0,327.2,198
154,128.2,15.3,25.8,63.0,474.8,180.0,72
101,108.5,15.3,14.7,50.1,237.6,161.9,27
54,126.3,8.0,20.7,70.6,388.5,139.2,24
473,200.9,10.4,16.9,64.2,474.7,240.7,216
1758,231.4,24.7,18.6,61.6,476.8,347.1,555
365,130.1,12.7,10.9,61.4,318.7,260.0,103
36,78.7,10.5,17.7,71.1,245.0,226.8,12
8122,404.1,26.6,21.5,47.6,274.1,555.0,2029
4228,420.8,16.3,16.1,57.2,320.4,476.9,1144
28,72.1,5.4,16.5,51.4,423.5,121.3,10
32,71.5,16.4,22.8,59.5,418.2,123.4,15
31,79.1,10.3,21.3,57.6,419.9,116.6,12
403,153.8,14.4,17.3,63.8,415.7,285.3,156
133,94.0,11.1,24.3,64.4,477.0,177.7,70
680,209.6,18.3,21.8,61.4,388.6,230.9,258
834,176.6,17.6,17.6,68.9,441.5,263.9,323
2196,254.0,29.9,17.4,56.1,612.1,367.4,683
288,189.3,19.5,16.4,77.5,348.6,214.7,88
149,114.9,8.6,10.6,57.9,341.2,152.0,35
261,248.0,9.9,7.4,45.3,319.6,172.9,90
141,131.0,16.2,21.2,70.4,470.9,140.0,62
1696,288.4,26.9,15.8,71.4,319.8,352.3,432
19,72.5,19.5,24.9,57.2,623.5,188.4,8
11,79.7,8.9,17.7,61.2,595.8,91.0,6
38,89.6,9.7,19.9,55.6,564.0,157.4,17
250,195.1,13.7,18.8,54.1,682.9,272.8,124
160,96.3,4.5,19.4,73.7,473.6,162.6,83
2518,223.2,22.3,33.5,66.0,636.0,375.8,987
1872,343.3,28.8,9.6,58.3,367.2,266.6,537
2811,153.1,23.8,21.9,47.7,288.6,447.1,718
361,181.1,21.9,23.1,36.9,256.9,219.9,97
78,109.9,12.1,22.8,70.9,502.7,172.1,39
182,92.4,13.4,14.8,67.5,433.0,195.1,62
3496,301.8,21.3,7.5,53.0,319.0,443.9,771
934,166.9,27.1,20.3,52.4,380.5,306.7,277
266,144.4,12.6,19.9,57.7,525.8,151.5,103
4614,529.2,24.3,23.5,55.4,305.9,460.7,1137
519,205.7,24.4,20.4,50.3,334.8,221.3,162
194,119.7,8.2,26.0,79.4,497.7,145.6,0
59,139.4,14.6,11.6,60.9,224.0,179.9,15
2591,243.6,22.2,15.2,77.1,624.1,299.5,1247
52,93.3,14.4,16.2,68.1,352.2,184.9,16
29,91.7,16.9,16.6,52.1,488.6,116.7,10
96,119.3,8.4,32.9,71.0,651.7,152.0,56
899,242.2,16.8,22.3,50.2,508.1,240.3,512
8974,275.1,23.0,24.8,50.8,375.0,601.6,2960
5398,484.7,20.3,45.0,67.2,691.0,587.5,2421
5216,413.9,33.7,29.5,87.8,612.0,331.1,1551
172,148.2,17.4,20.4,57.9,509.7,117.0,96
114,82.3,13.3,24.6,57.3,699.1,162.0,54
12,53.7,11.0,15.9,68.8,343.8,164.0,4
1085,142.7,37.7,19.3,57.6,388.9,372.5,0
920,205.0,17.7,25.1,75.0,621.1,295.8,500
28,60.6,19.2,18.2,53.4,467.4,130.1,13
165,141.3,13.8,21.0,52.3,414.1,147.8,60
542,137.7,15.1,8.3,51.2,279.0,223.7,161
29,81.6,4.3,22.7,71.0,407.5,142.5,15
82,185.9,13.9,25.7,53.5,267.4,111.2,37
601,131.7,7.1,22.4,53.9,495.0,,320
166,96.1,15.4,20.2,67.2,390.2,114.6,69
2222,254.6,14.7,32.4,66.9,755.0,390.7,1234
146,97.7,14.0,19.1,77.6,408.7,130.1,57
1020,184.7,8.8,17.3,85.8,431.6,333.6,333
136,106.8,15.0,18.3,72.4,325.6,160.0,44
95,106.0,8.4,31.3,48.7,637.4,189.0,49
635,130.1,23.3,18.1,78.3,413.3,328.2,156
5107,519.3,26.2,18.4,59.8,348.0,453.4,1315
1891,261.3,16.5,5.0,67.3,240.2,416.2,361
935,208.5,13.2,14.3,55.0,288.6,269.2,255
2320,297.9,15.2,14.5,64.2,479.2,375.2,866
107,128.7,10.2,32.0,60.8,634.8,170.1,60
215,200.1,25.5,24.2,53.3,537.5,275.6,101
2301,328.9,26.3,25.9,61.2,491.5,368.5,901
608,149.1,23.6,17.2,66.2,389.3,262.4,178
19,95.3,12.7,28.9,73.6,449.3,160.1,10
163,87.1,15.9,18.2,49.0,508.8,211.6,75
2527,198.0,19.7,18.0,61.8,453.3,296.7,744
2995,253.3,30.8,24.3,40.3,761.9,381.3,1030
44,85.4,9.9,26.0,54.4,613.8,173.3,20
157,148.6,6.9,11.0,62.2,352.5,215.8,47
2186,237.3,17.8,14.3,67.9,339.5,348.9,820
391,134.7,12.4,18.1,61.5,345.2,250.2,141
162,99.6,4.1,33.0,65.5,516.9,153.1,97
1448,247.2,29.8,11.9,53.3,331.7,250.4,341
34,73.2,14.7,23.5,68.2,687.4,179.3,17
1755,201.4,11.9,27.0,70.4,747.8,409.9,759
2808,249.4,26.8,22.6,79.5,489.1,315.3,989
29,106.3,14.7,21.2,56.5,578.7,116.6,16
26,99.3,15.9,21.2,55.5,441.5,162.5,14
35,123.4,17.4,18.8,58.3,505.8,203.8,17
566,148.9,25.4,15.4,63.9,328.6,229.9,161
103,96.6,15.9,28.7,65.2,623.5,182.3,43
30,61.2,9.9,15.4,55.8,414.1,118.7,10
7313,478.5,19.4,24.9,56.9,449.9,414.0,2574
291,157.4,19.1,22.5,62.3,670.4,194.0,149
136,140.6,6.3,24.1,61.0,391.0,153.2,68
401,135.7,13.2,12.4,51.7,235.3,259.0,81
105,119.0,,13.2,43.5,291.6,90.4,35
908,111.8,14.6,24.9,64.0,552.8,242.5,310
1485,185.0,28.9,22.2,55.5,482.0,331.8,423
690,177.5,12.5,26.3,68.7,561.7,214.5,382
43,80.6,13.7,22.5,61.9,369.8,155.0,9
976,260.9,29.9,31.3,63.8,629.7,284.1,413
128,114.2,6.7,22.6,52.4,603.4,186.4,78
43,78.6,9.8,11.3,57.9,304.5,127.1,13
218,202.8,18.9,5.8,61.0,321.6,302.2,55
1148,129.4,27.9,18.9,63.9,322.4,336.8,278
837,217.5,18.9,25.0,55.5,607.6,270.5,455
21,98.2,11.4,30.7,70.0,668.6,120.8,12
2900,256.9,28.5,18.5,64.2,335.6,356.6,785
31,86.6,6.5,20.0,80.1,885.0,148.1,20
1445,198.1,31.5,32.5,66.8,764.9,173.4,509
17,101.6,7.9,13.0,,301.7,128.5,5
39,78.9,12.9,19.6,56.4,249.6,139.4,11
217,159.4,21.5,22.1,68.1,491.7,242.4,98
517,150.3,20.8,16.8,70.7,355.5,255.8,133
81,151.3,19.0,18.4,51.7,566.8,,45
31,66.8,8.9,26.4,59.3,634.5,171.0,14
156,115.1,10.4,25.6,79.0,803.9,170.4,79
803,251.9,18.7,29.0,70.4,526.5,232.3,432
566,139.9,23.9,9.0,46.2,269.9,270.6,125
104,145.1,,29.1,67.8,507.9,189.7,56
632,160.6,11.5,22.1,70.6,404.3,229.5,278
903,151.5,11.9,27.0,53.3,453.0,206.0,0
42,71.7,7.1,30.0,77.5,712.6,159.2,19
106,141.9,18.9,22.0,71.4,558.6,152.0,45
122,144.3,7.8,20.5,53.9,594.0,120.1,83
959,202.7,22.9,27.8,62.8,386.4,303.4,380
695,169.0,12.7,16.9,62.4,414.0,192.3,314
1481,167.3,17.8,30.9,80.3,474.8,414.4,433
133,56.0,17.4,23.6,42.4,457.2,191.9,52
14,92.7,18.3,26.2,51.2,513.8,155.3,0
26,60.6,7.3,18.5,60.9,538.6,177.8,10
1530,261.8,17.8,25.7,76.7,677.3,281.5,667
199,142.4,9.4,21.4,59.6,340.5,101.8,0
665,223.6,19.5,22.7,48.7,536.5,225.9,365
45,83.1,20.5,12.2,59.0,288.4,151.2,7
1111,288.6,28.8,19.9,56.8,448.8,372.7,324
1589,250.6,18.5,25.1,68.1,621.6,261.4,931
765,154.5,14.5,24.3,71.2,462.3,286.9,261
97,140.5,6.5,24.9,58.8,430.4,160.8,60
2009,267.3,41.4,23.0,64.7,460.5,428.4,483
10,72.7,10.9,26.2,42.1,491.3,149.1,5
14,63.4,11.2,24.9,60.4,616.7,165.3,6
2593,303.0,29.1,45.0,51.3,533.6,275.3,1073
584,115.1,15.0,14.9,59.6,244.9,222.5,166
2179,218.6,34.8,18.2,58.6,395.1,358.6,623
524,188.8,11.1,20.0,57.9,480.1,201.0,255
157,133.8,14.2,26.0,62.0,551.4,120.9,86
50,64.4,14.0,16.7,60.0,275.3,164.4,13
59,159.5,10.8,21.1,59.8,645.6,165.3,41
291,196.9,7.0,25.7,68.2,473.8,175.5,191
149,133.0,3.8,11.6,48.1,343.6,180.7,58
2649,290.7,27.8,23.3,53.1,260.8,340.9,800
1351,181.1,22.0,21.2,68.9,557.2,429.4,458
247,184.6,10.5,27.8,74.9,690.6,248.9,97
149,94.4,18.8,10.9,64.8,218.3,142.2,35
200,183.0,24.9,7.6,52.0,217.1,170.3,36
236,158.5,20.7,16.3,66.4,512.1,217.9,112
754,189.6,15.6,12.8,63.8,250.2,247.0,227
362,160.6,21.5,,55.5,380.9,249.5,156
6593,447.7,19.7,22.7,66.3,475.2,327.9,2755
627,214.5,27.3,19.5,57.7,436.3,193.2,269
456,161.4,20.2,12.7,57.2,285.0,299.4,96
2082,281.0,18.1,17.3,80.1,428.1,284.4,841
1340,284.9,29.0,14.1,47.2,313.2,347.9,330
73,114.5,16.9,30.2,69.0,730.2,185.9,33
27,75.8,15.8,16.2,48.0,278.6,141.0,7
114,94.1,8.9,19.1,65.4,350.9,119.2,47
846,139.9,22.8,28.3,64.7,684.5,315.3,240
34,86.8,11.4,17.3,59.4,461.7,164.0,15
329,212.2,18.1,17.6,63.5,496.5,262.8,144
1093,136.0,24.0,24.7,64.8,517.3,321.8,328
32,75.3,20.4,27.2,81.0,669.7,193.4,14
21,77.7,18.1,13.9,53.4,395.4,156.6,7
2075,293.1,18.2,21.5,54.9,666.5,352.1,1196
26,94.3,12.3,16.9,61.7,449.0,161.7,10
1045,241.2,16.3,30.1,67.2,716.8,258.8,515
660,214.1,14.4,5.0,76.6,401.1,238.0,275
1410,204.8,28.3,23.1,69.0,325.7,333.4,430
133,123.7,8.2,17.2,76.1,492.3,167.5,62
293,185.8,13.5,27.5,81.1,609.3,228.4,201
902,241.9,14.5,23.8,53.7,603.3,304.0,489
187,84.5,14.8,22.9,72.9,831.1,163.2,81
672,152.0,23.6,26.5,66.1,836.3,219.6,343
2612,198.9,23.4,28.0,54.7,738.0,417.1,895
769,193.4,12.4,18.1,70.9,383.8,238.0,345
25,67.7,13.7,22.4,55.6,438.3,101.9,9
44,55.2,13.1,18.1,47.5,445.9,115.6,20
38,74.6,14.4,12.3,51.4,230.0,168.8,10
1507,262.9,35.7,21.7,65.1,528.4,329.1,420
148,126.2,16.1,15.5,,314.3,163.8,57
654,159.9,22.1,9.5,53.5,301.6,263.8,163
477,240.7,18.8,23.8,45.3,630.5,247.9,275
5212,334.4,19.4,18.4,72.3,356.0,388.4,1301
46,61.5,14.8,20.7,61.1,435.2,134.2,21
334,151.1,9.0,26.8,77.6,549.5,280.5,176
718,241.9,25.0,26.5,44.5,729.2,268.0,341
2694,215.6,30.4,20.6,61.5,370.3,327.9,920
72,185.4,5.1,19.1,61.2,579.7,169.7,47
145,59.8,13.4,33.7,45.1,753.2,113.8,59
1613,178.5,20.6,19.1,61.5,343.0,354.5,471
158,110.6,8.5,22.3,71.6,321.8,183.9,82
2689,275.1,17.5,28.5,69.7,617.7,330.5,1206
385,133.8,27.6,5.0,,299.8,284.3,64
489,220.0,25.4,29.3,63.2,404.2,256.6,165
144,109.7,5.8,22.1,62.2,429.6,165.5,69
273,156.7,13.4,39.1,79.8,459.5,341.1,83
2590,153.8,28.3,22.4,73.0,557.4,329.5,870
710,167.6,14.2,13.6,50.0,311.7,210.3,188
156,116.9,17.1,,55.5,342.0,164.9,37
237,195.3,24.9,14.9,53.3,273.5,321.5,41
640,183.2,21.2,17.4,62.7,380.0,285.0,223
3189,268.1,10.8,25.3,64.6,395.1,507.4,905
1008,222.0,26.2,19.5,67.7,482.3,327.8,384
1578,219.6,32.7,19.1,56.4,410.8,269.4,377
46,91.6,14.0,26.7,58.7,421.7,159.7,16
49,75.0,6.8,31.4,66.8,657.4,92.8,27
998,281.4,14.7,20.9,58.1,425.1,262.0,587
1235,347.7,23.5,23.5,73.0,396.0,244.8,479
219,173.2,10.1,5.0,46.3,274.7,281.7,54
185,139.9,15.1,12.7,60.8,267.4,173.4,51
676,158.1,21.7,28.6,45.8,651.5,235.9,294
193,143.2,11.1,17.2,59.4,399.8,174.3,59
41,105.4,9.3,12.6,51.9,373.2,139.4,15
391,191.5,21.5,17.3,55.3,285.2,215.2,108
1138,234.4,26.1,12.7,61.4,190.4,422.0,203
259,134.8,17.1,14.6,60.4,278.2,178.5,67
50,90.9,15.9,12.1,55.7,302.0,163.1,14
170,113.9,5.4,17.1,51.1,312.3,169.8,47
367,147.2,29.2,16.4,48.0,190.9,,75
780,168.0,13.0,28.9,74.4,561.4,223.5,382
798,129.1,18.1,34.1,75.1,483.7,232.8,307
120,104.5,4.9,21.4,69.3,372.2,162.0,49
2121,176.6,23.5,30.6,72.9,620.7,337.4,580
12,49.1,17.2,11.0,60.1,384.2,176.0,3
930,127.8,25.3,12.8,59.4,272.5,293.8,183
32,78.6,9.7,22.1,55.6,504.1,180.2,13
15,84.9,12.1,5.5,61.1,234.2,123.8,3
2719,207.4,31.2,16.4,81.6,525.2,296.3,824
8196,263.1,23.2,13.3,61.2,234.0,484.0,1720
190,123.1,15.6,19.7,61.7,350.4,140.1,65
525,172.0,22.1,14.9,49.4,302.6,167.4,178
174,114.5,4.3,17.1,55.6,585.2,119.1,110
1095,373.0,40.5,8.5,54.8,391.9,398.4,178
552,210.4,12.0,11.6,57.6,400.3,269.2,205
243,218.1,18.6,21.0,67.7,274.2,310.5,74
532,166.8,19.1,10.9,69.7,242.7,182.6,125
2333,207.1,29.7,14.1,45.7,346.6,385.1,460
24,84.7,11.9,28.3,73.4,620.0,154.8,11
2848,253.9,39.3,18.2,48.3,500.0,452.0,790
26,76.9,9.3,5.4,51.9,358.0,92.9,7
162,127.6,11.6,25.6,71.9,582.7,155.4,70
2689,325.6,18.5,18.2,62.0,273.6,373.5,879
744,102.2,21.3,13.6,46.6,406.4,264.5,189
906,235.2,25.6,16.8,59.8,354.9,,299
85,114.2,12.6,24.8,88.9,550.7,189.1,39
8976,479.2,22.9,29.2,70.6,809.6,546.6,3714
317,189.0,11.3,16.1,63.4,506.8,335.1,110
1672,304.3,15.6,6.7,63.5,447.9,327.7,652
681,177.5,18.4,24.7,79.2,572.2,269.3,297
97,59.5,9.7,24.3,45.4,547.2,181.4,38
1993,331.3,32.6,19.9,62.1,608.7,359.4,987
47,97.5,23.1,26.4,69.5,657.6,158.0,20
131,148.0,9.6,28.7,60.5,578.5,150.6,77
646,190.0,15.5,8.8,53.1,270.0,233.6,190
39,77.5,9.2,18.3,47.3,303.5,141.0,11
761,238.9,18.1,21.8,58.4,574.5,352.6,364
1626,341.4,19.6,9.3,62.7,307.3,343.1,358
1693,252.7,28.7,11.6,63.1,557.3,313.2,659
41,42.4,20.8,25.3,57.3,400.0,99.6,15
151,142.6,8.7,16.7,65.2,646.4,111.9,92
2716,329.3,15.8,13.2,76.9,379.7,335.2,868
79,98.2,12.9,22.7,55.2,633.6,85.8,48
50,78.9,9.2,23.9,60.3,516.5,202.2,34
679,172.7,16.7,22.2,50.2,444.2,236.8,269
592,148.4,22.5,18.5,56.1,280.7,196.4,169
40,78.6,8.7,24.6,55.7,543.0,203.5,22
413,233.1,4.0,25.9,54.3,473.8,319.4,201
79,124.6,11.4,18.9,63.5,423.8,176.3,42
3416,386.3,39.4,20.6,54.1,352.9,,739
250,182.2,23.7,21.2,54.7,574.7,292.0,112
144,90.7,7.4,22.1,54.7,549.7,214.9,85
567,194.3,18.1,17.6,60.5,380.0,259.1,172
359,183.3,,21.0,57.3,508.0,280.4,160
2352,207.2,20.0,23.4,73.8,720.9,336.9,1120
2843,232.3,9.2,19.6,69.8,560.8,346.6,1010
591,140.6,15.5,15.1,85.1,480.0,191.8,265
620,231.0,15.3,23.2,45.6,499.0,222.1,261
728,210.8,18.8,27.7,59.4,530.4,242.6,305
1521,206.0,29.8,23.3,57.5,451.7,300.4,531
286,179.6,12.1,23.9,57.1,379.5,222.6,126
381,208.7,26.5,17.8,65.8,388.4,210.7,124
2933,279.2,39.6,22.0,56.4,555.6,298.9,0
10,72.5,11.5,18.6,73.3,431.5,177.8,2
177,180.7,11.8,29.5,79.8,621.6,142.4,100
163,149.0,19.6,32.4,80.7,591.7,149.3,82
142,164.6,9.6,31.2,85.0,735.0,103.8,85
675,223.4,25.0,25.5,69.3,364.4,218.0,283
10,88.9,8.7,11.0,51.7,386.2,194.1,4
2276,192.1,21.5,34.4,76.6,618.8,328.0,844
1550,224.6,31.5,16.8,65.0,490.6,284.9,461
162,80.4,11.0,15.3,46.7,273.8,147.9,48
2598,331.4,33.1,21.3,52.5,461.4,356.5,1200
101,109.6,10.7,14.7,68.9,440.3,171.4,30
62,106.4,16.2,22.4,52.5,338.4,130.7,21
26,65.0,11.1,22.0,48.8,440.5,138.8,12
2645,207.6,40.2,25.5,66.3,416.1,315.7,700
200,151.3,15.1,27.8,58.7,447.4,170.8,107
49,74.6,13.3,25.5,71.2,406.7,162.2,19
1239,189.0,37.7,,57.6,367.9,384.3,290
903,208.3,29.7,30.7,71.5,477.6,299.4,304
384,192.1,16.1,11.7,48.8,334.8,243.2,92
96,118.2,8.4,25.0,63.0,658.4,127.0,46
857,203.0,23.7,32.3,59.2,519.1,141.5,359
74,114.9,4.7,18.1,57.2,504.4,191.7,41
2024,337.4,30.2,33.9,64.3,599.9,304.9,738
8090,456.5,19.9,23.9,47.4,457.1,325.0,3531
221,175.5,14.9,16.6,61.2,436.0,185.1,89
45,83.3,10.3,22.2,59.8,541.3,135.4,29
1676,130.1,26.2,18.6,47.7,527.4,423.9,508
748,139.4,15.5,14.4,66.3,349.3,288.8,232
648,248.2,22.5,24.7,77.2,586.1,245.2,351
2469,197.2,23.1,27.4,54.1,665.6,350.1,1157
201,66.7,17.1,13.9,69.9,287.0,183.9,53
22,91.5,7.0,25.3,54.7,402.9,139.7,11
3530,479.5,25.1,26.0,68.5,547.1,371.5,1536
2143,286.0,22.6,26.3,76.2,713.8,275.8,1231
862,166.8,19.3,24.2,64.3,547.1,259.9,454
847,170.9,15.9,18.4,64.3,307.1,144.0,314
2473,180.7,35.7,20.0,50.0,434.7,371.5,598
47,82.1,11.4,11.8,49.4,293.2,145.0,13
1535,316.7,33.1,15.5,61.9,445.3,363.5,342
657,229.6,17.0,24.5,48.3,524.4,294.5,366
179,128.3,9.1,18.6,56.8,554.4,145.6,107
480,180.6,28.1,30.6,67.7,651.0,290.3,228
118,97.5,9.2,19.3,64.2,412.9,152.6,74
20,90.0,10.2,25.1,75.9,552.5,176.8,10
1130,249.4,32.5,26.2,58.0,445.1,370.4,367
2517,321.8,29.2,28.1,94.8,450.9,330.6,909
495,185.9,20.5,19.1,56.9,633.1,230.0,246
399,150.1,11.4,25.7,61.3,697.5,257.4,169
455,201.6,11.2,5.0,47.1,301.3,247.3,104
700,200.0,20.0,19.5,58.5,565.8,187.5,419
2418,240.1,40.6,16.3,51.4,579.5,372.0,787
805,174.4,21.9,34.8,46.9,735.1,315.6,272
2846,214.2,29.5,30.5,56.9,622.3,338.1,993
38,73.6,11.5,13.9,55.2,323.0,130.9,10
173,91.4,11.5,21.4,71.9,439.7,185.6,90
1056,276.2,30.1,10.9,49.2,315.7,350.4,247
6651,366.5,15.0,6.9,51.2,451.9,464.3,1389
665,182.9,18.7,24.1,65.1,517.0,278.8,271
607,236.9,17.6,16.5,77.4,513.2,227.3,250
25,55.9,14.5,18.6,68.3,367.0,169.9,9
1042,240.1,28.4,15.1,65.1,237.8,383.4,226
86,127.3,15.2,26.2,65.5,404.9,151.2,26
460,156.2,14.5,12.3,55.3,283.4,242.9,74
13,84.8,17.0,17.1,70.5,335.8,126.7,3
996,242.9,16.1,18.2,51.4,505.5,281.8,537
156,141.3,15.8,19.9,72.8,300.0,144.6,56
2591,198.2,22.6,36.2,90.0,588.3,308.5,851
194,103.2,9.5,22.1,59.4,482.9,119.2,101
8102,654.2,28.1,22.0,67.7,507.4,294.1,3419
91,118.5,16.9,25.5,65.0,512.7,137.8,37
82,54.5,9.7,23.0,61.7,453.7,109.3,33
1189,275.3,27.2,17.5,59.3,612.6,264.8,409
26,99.2,13.7,17.8,63.5,471.7,116.1,11
848,148.8,12.2,21.1,75.0,661.9,282.0,350
1459,342.9,13.2,24.6,51.2,404.0,341.0,839
41,60.3,7.8,21.0,66.9,489.0,140.2,18
541,176.9,22.8,14.5,64.9,391.0,215.6,177
2395,248.5,14.9,16.0,44.5,320.7,359.8,706
771,202.4,22.6,12.8,61.0,258.0,292.2,181
840,188.7,23.2,20.2,58.6,389.2,240.8,223
155,107.0,9.2,15.0,51.1,497.9,141.9,59
188,74.6,10.8,24.6,61.4,499.9,179.4,69
438,235.1,17.7,27.5,75.7,521.1,278.5,273
2544,196.0,21.9,15.4,55.5,368.4,284.1,759
40,43.6,9.8,20.6,78.3,500.5,144.8,16
9987,538.7,18.8,19.8,59.3,584.0,472.3,4113
565,183.4,19.1,15.9,63.4,393.4,275.0,191
325,164.3,21.6,24.7,67.0,475.4,284.5,136
652,173.7,9.1,12.5,58.7,372.2,240.2,221
85,125.9,9.8,18.2,79.2,430.0,144.0,37
2605,246.8,27.2,29.8,79.3,738.1,405.1,888
242,168.2,12.9,21.3,80.4,435.8,253.4,126
369,136.8,10.1,26.0,44.1,504.2,248.4,133
989,211.8,24.3,20.7,53.5,423.7,183.9,397
25,91.9,9.0,21.5,59.1,629.2,189.5,15
771,210.4,17.4,13.2,64.1,311.6,267.8,157
53,117.0,6.0,31.7,62.9,419.2,126.1,26
1911,174.8,16.8,27.3,55.8,527.5,374.9,851
22,65.9,12.4,10.5,54.2,148.8,219.7,4
83,84.6,3.6,31.8,78.2,614.2,98.3,45
171,83.8,5.1,13.9,62.8,402.1,148.3,71
110,98.0,12.7,19.0,59.1,543.3,127.7,54
19,78.7,14.5,22.8,57.5,255.3,160.4,5
152,155.3,12.9,20.8,62.8,376.9,137.5,70
483,218.8,16.9,19.4,62.1,378.0,257.5,186
1328,296.6,10.9,27.0,52.8,398.7,323.3,611
989,208.5,24.6,11.1,46.7,213.2,234.8,255
999,140.0,2.0,15.4,55.4,329.1,271.8,443
187,126.1,6.0,12.7,62.5,634.8,133.6,82
655,171.9,20.1,31.9,73.1,737.8,198.1,219
203,175.7,20.6,17.4,53.7,351.7,189.0,83
829,190.1,22.2,21.1,77.1,478.0,304.6,279
861,166.5,13.0,21.0,47.3,614.0,247.7,478
135,117.4,13.3,29.8,71.8,639.5,91.1,82
291,214.8,19.2,28.6,71.8,520.0,225.7,124
1607,355.2,36.6,28.4,76.8,455.6,316.3,516
146,105.7,19.1,22.6,63.7,513.4,160.2,76
21,69.4,10.1,18.4,60.0,365.5,145.5,5
554,144.4,9.9,33.5,66.4,533.8,284.0,198
69,132.9,6.5,24.5,83.6,727.1,127.7,47
129,112.0,11.5,21.3,62.3,557.4,121.0,70
12,95.0,19.9,16.2,56.3,445.1,107.8,2
172,106.9,8.2,14.9,56.6,381.1,134.5,63
2656,180.0,46.0,12.0,65.0,336.2,339.9,459
28,55.2,13.8,9.9,51.1,307.0,130.6,6
50,119.8,24.3,22.6,61.5,444.8,122.3,21
2826,282.0,24.8,15.9,61.4,429.6,395.4,988
447,156.0,15.3,13.6,60.1,245.4,209.3,106
179,110.3,14.9,23.9,63.9,520.7,111.1,86
35,76.2,12.5,19.9,41.7,697.7,143.2,21
35,70.3,6.2,27.7,87.0,368.1,164.0,14
2684,287.4,31.6,21.9,69.6,350.5,377.6,981
788,203.5,20.9,12.2,46.9,189.3,318.2,176
819,171.9,24.2,24.8,53.0,750.2,285.0,372
845,193.1,15.6,22.1,48.9,675.7,249.9,436
48,55.3,16.5,20.3,66.7,494.2,89.0,21
206,209.7,17.5,19.5,56.6,307.8,251.3,76
20,97.5,14.0,21.2,60.8,396.6,166.4,8
24,68.1,13.7,16.1,61.1,248.4,165.6,6
2111,218.8,28.6,19.6,45.7,517.1,315.2,790
174,144.9,14.1,23.2,62.1,454.9,196.6,65
47,86.6,11.7,31.8,68.3,577.1,190.2,24
141,78.4,11.1,22.2,63.7,474.8,202.6,73
362,148.0,25.9,21.6,56.6,432.4,215.6,158
55,88.2,4.6,14.2,65.8,221.9,146.3,16
109,92.0,18.0,14.8,57.6,209.5,160.2,28
13,91.5,13.7,16.4,61.2,312.7,176.0,4
695,152.5,20.2,15.2,48.0,298.9,269.7,135
47,66.0,14.2,29.1,78.1,552.9,108.7,18
479,180.5,7.8,21.4,64.5,631.5,167.0,222
178,148.6,13.7,24.7,60.0,692.1,139.4,97
809,181.1,22.9,20.1,57.0,476.9,244.1,376
2360,224.0,21.4,27.2,53.9,439.6,277.1,702
26,96.1,15.6,17.7,65.6,528.0,163.4,10
130,149.9,10.8,31.4,77.1,590.0,200.6,79
40,70.9,5.2,19.5,69.3,451.4,180.2,15
85,130.3,15.1,21.5,55.9,484.8,180.3,40
500,176.5,20.7,13.4,55.5,419.6,240.3,130
32,79.7,15.0,18.5,58.8,492.7,133.0,14
355,183.6,22.7,18.6,63.9,429.8,267.0,121
87,99.2,5.2,9.7,51.1,277.3,177.8,26
24,108.3,14.4,17.5,60.9,673.7,175.1,12
57,109.7,11.5,10.6,48.9,238.7,106.5,13
198,124.5,9.8,14.0,57.3,305.4,144.5,61
241,233.4,18.3,20.1,60.9,418.0,214.8,107
153,108.5,15.1,21.5,63.4,455.8,159.0,77
2434,301.9,35.5,16.3,50.0,249.3,388.8,461
37,78.7,14.9,27.7,57.7,672.2,157.4,20
1837,345.0,21.9,22.5,66.9,574.2,476.5,703
344,180.1,11.2,12.2,55.2,376.9,229.0,115
795,161.3,22.6,14.0,41.8,323.1,196.7,195
21,78.8,16.0,18.7,47.7,366.3,137.3,6
1242,321.3,37.6,22.3,76.8,278.2,332.0,352
29,66.9,8.9,20.6,56.4,565.9,170.7,11
640,109.5,19.4,15.3,66.4,309.3,218.8,150
1596,234.2,39.6,16.8,54.5,296.7,272.9,304
175,125.0,12.3,33.9,62.1,680.4,137.5,88
2261,69.5,17.1,19.7,66.9,312.8,291.8,527
513,139.2,26.9,24.7,79.5,610.7,182.9,186
928,173.8,5.8,17.1,66.2,379.7,306.6,342
217,208.8,19.3,21.7,61.2,423.8,311.2,83
9299,438.7,31.9,15.4,55.0,406.4,455.9,2036
80,79.9,14.9,20.8,55.9,583.5,146.4,36
17,89.9,10.6,12.4,61.0,378.1,138.9,5
101,97.9,11.3,18.5,60.4,492.5,139.5,43
165,144.3,9.4,7.9,44.9,299.7,142.4,44
51,130.1,12.9,5.0,61.3,209.4,126.8,15
6367,422.3,19.4,10.5,51.7,260.4,506.7,1248
162,139.1,11.8,28.5,56.2,698.6,134.7,126
16,98.0,7.5,18.9,60.3,516.1,157.8,7
42,69.5,19.4,21.3,57.5,377.1,169.2,16
190,128.9,10.9,11.7,60.3,278.4,130.0,55
130,126.3,14.0,23.4,61.1,741.0,118.7,93
936,213.3,11.5,23.5,61.0,530.5,274.5,497
3063,284.2,8.6,17.0,79.5,418.3,476.7,965
620,160.6,13.6,29.8,78.4,614.3,232.3,299
770,231.7,16.9,19.7,61.8,376.1,271.6,308
2019,321.9,32.4,17.1,75.4,342.9,458.6,530
19,80.8,12.2,15.8,62.1,556.9,167.9,8
38,85.8,13.5,25.8,65.7,289.3,159.3,16
119,143.7,7.6,34.8,79.6,465.2,163.1,56
5892,413.8,28.9,21.6,62.3,246.9,519.0,1268
74,127.4,7.1,29.2,63.7,389.0,146.9,31
8555,370.2,35.4,21.0,62.2,453.8,457.0,2658
971,215.5,7.9,17.2,63.1,467.3,248.5,436
24,80.4,10.2,16.5,57.1,508.5,95.7,13
37,75.6,10.3,11.8,58.0,349.2,147.5,10
384,172.6,22.9,21.4,49.1,407.2,259.2,149
2449,271.1,25.8,18.5,57.7,446.4,460.2,626
780,103.4,14.6,19.7,58.2,533.1,255.7,354
628,271.2,14.4,27.7,68.5,562.8,260.6,310
270,157.1,24.8,23.4,59.2,771.2,296.2,133
72,113.5,9.6,26.7,52.1,532.0,130.3,33
1201,135.7,22.8,21.1,73.9,652.4,453.3,402
7533,361.1,29.6,12.2,50.6,317.6,500.2,1483
192,121.0,9.5,10.6,53.7,413.1,151.6,54
5195,420.8,29.0,17.8,72.3,495.4,474.5,1708
917,263.7,18.1,17.8,64.4,495.9,233.1,455
682,154.3,13.4,15.9,58.5,480.3,300.8,232
229,174.4,21.5,29.3,81.2,500.9,246.3,92
172,120.0,9.1,30.3,67.9,609.9,202.4,96
19,92.3,12.6,34.6,63.6,654.5,167.2,8
2213,441.1,23.6,24.0,69.7,405.8,289.8,821
136,91.3,14.8,29.9,88.7,749.2,179.4,70
721,214.1,12.8,17.5,49.1,338.9,253.3,300
126,92.4,17.3,13.0,73.6,363.2,69.6,50
420,119.7,17.3,17.1,68.2,453.6,173.5,128
45,61.6,20.2,17.4,79.2,499.9,164.4,15
136,123.4,8.7,13.5,48.8,594.2,165.9,78
669,201.3,13.6,15.9,58.0,346.5,158.4,262
144,150.7,18.2,26.9,74.0,503.6,159.4,62
190,130.8,9.8,29.1,64.4,656.1,134.9,87
68,135.9,16.3,25.6,81.1,531.8,152.4,29
273,157.9,12.0,7.1,59.2,321.9,199.9,72
1137,135.8,28.5,22.0,62.5,412.8,400.5,257
108,129.4,16.2,16.8,62.1,359.7,64.4,40
764,183.9,10.8,17.6,62.4,428.7,239.9,317
198,126.9,12.9,5.0,66.5,503.7,105.5,105
135,94.5,17.6,15.2,65.6,327.2,115.8,40
631,230.7,8.7,22.9,50.7,366.7,276.5,361
2501,212.2,25.8,26.8,63.7,650.4,365.6,960
94,163.1,8.6,5.0,59.1,290.4,174.0,33
976,112.8,18.2,16.7,70.3,321.7,289.2,274
155,130.2,8.2,23.7,43.4,396.3,168.9,77
57,139.1,13.1,20.5,73.8,409.5,119.6,17
20,67.3,12.2,21.1,47.9,393.3,146.5,7
135,108.6,8.9,21.8,58.5,423.4,174.4,69
261,142.2,15.3,5.1,49.4,297.1,293.1,58
2077,210.8,19.9,20.8,64.3,392.2,326.0,779
973,162.0,13.0,14.4,60.8,267.0,181.1,288
1731,257.8,25.3,15.8,77.0,449.2,321.6,547
4136,336.2,14.6,29.4,80.1,515.9,395.8,1427
459,224.5,11.4,29.7,65.4,622.7,209.9,238
1394,342.0,23.3,38.0,73.0,437.4,357.3,493
251,211.3,9.9,16.7,62.0,464.8,,111
119,76.1,11.3,14.3,54.9,,174.5,28
42,81.9,10.5,18.9,65.7,448.3,127.2,18
7447,411.6,24.1,23.1,71.3,597.8,441.3,2616
1730,131.4,29.9,10.0,53.2,281.2,469.1,238
854,202.4,19.1,26.5,47.0,526.3,247.3,424
935,178.5,14.2,27.2,68.4,514.0,206.8,455
44,101.8,12.4,18.8,58.2,,131.2,14
12,87.3,12.3,17.0,59.0,212.6,184.1,3
319,89.2,28.7,15.2,79.5,255.9,255.9,65
845,122.5,25.2,23.7,50.4,384.7,202.1,211
2777,193.2,31.1,13.6,72.6,283.2,408.3,605
677,219.6,13.2,29.9,78.7,681.7,189.4,428
2485,260.5,15.1,22.3,60.5,403.1,284.9,1122
817,220.3,13.5,12.1,49.8,395.4,163.5,308
1640,338.3,29.2,7.5,64.1,276.2,409.5,370
2421,280.2,16.4,23.8,63.8,553.1,356.9,1190
728,152.8,15.6,28.8,57.1,449.6,247.5,336
2561,306.7,33.9,23.6,53.1,432.6,386.8,647
24,86.5,13.1,20.5,51.2,379.4,138.5,13
1449,278.4,36.6,25.3,62.4,333.3,330.1,455
986,167.7,16.1,16.0,65.5,481.2,234.7,404
2881,330.4,28.0,10.1,61.0,409.3,287.1,783
1558,235.6,23.9,5.3,59.5,250.0,397.2,286
639,209.8,27.6,16.2,73.6,355.7,298.0,185
671,173.8,22.8,6.2,47.7,341.2,213.9,161
458,148.0,14.3,23.8,54.5,522.9,299.1,186
158,118.0,5.8,20.2,65.6,502.5,154.9,113
492,142.1,14.9,10.7,85.3,255.1,147.7,139
1107,182.2,22.3,22.7,53.1,565.6,311.6,512
143,73.5,16.2,21.5,72.6,570.4,145.6,58
2884,119.5,31.0,21.9,61.4,335.3,312.2,460
420,116.9,16.1,27.3,59.6,620.4,237.0,209
52,110.5,13.7,15.6,54.6,569.5,108.7,29
45,72.7,16.7,32.3,75.0,849.0,184.3,18
619,133.0,21.8,31.9,63.3,432.6,250.1,191
33,50.2,12.2,16.2,53.9,351.6,174.1,10
151,142.6,12.3,27.0,88.2,609.7,132.4,79
273,212.2,13.9,25.3,60.1,388.7,277.1,134
839,135.2,17.2,25.5,65.3,439.3,241.7,330
2621,292.4,26.7,14.7,50.2,337.6,381.2,574
94,131.0,7.3,21.3,49.1,520.4,135.4,56
574,165.4,10.7,34.6,75.9,739.4,260.2,286
443,253.3,21.4,32.3,69.8,559.8,260.9,222
54,121.2,12.7,20.2,62.1,591.0,141.8,22
2373,187.5,24.1,24.0,59.7,552.0,419.4,780
2880,341.9,31.7,9.6,57.2,393.2,254.9,695
1462,186.0,35.4,10.5,53.8,376.2,333.1,237
590,200.3,19.4,16.4,46.5,241.5,221.0,222
100,100.8,13.9,13.7,61.0,307.6,177.9,31
1294,194.7,14.3,9.1,55.8,345.2,460.9,282
5947,312.1,23.7,16.3,58.4,354.3,452.8,2086
310,186.8,18.0,26.4,73.5,481.5,279.3,139
2323,223.9,23.9,27.0,61.6,430.0,317.9,957
526,226.4,15.3,24.9,53.8,520.3,257.4,328
35,84.8,6.7,32.0,85.6,365.8,189.3,13
110,112.1,14.7,23.5,63.5,380.9,122.1,43
1928,284.8,23.0,20.2,61.0,384.9,266.5,629
30,90.6,12.0,17.1,61.8,499.2,179.1,13
39,80.3,16.1,16.6,68.0,459.0,169.3,16
569,116.2,21.1,22.1,50.3,586.4,243.2,227
252,145.0,20.8,19.6,68.2,443.8,239.3,64
230,156.1,24.0,28.4,82.0,507.5,218.7,76
539,155.6,20.0,22.0,59.1,606.3,236.2,230
805,244.1,33.1,12.1,60.2,201.8,226.4,167
2884,232.9,20.2,20.0,61.3,741.0,309.2,1333
8714,472.8,24.8,21.6,53.7,477.6,295.6,3535
189,108.7,10.0,25.9,71.5,857.5,107.8,116
433,222.3,16.4,21.8,46.1,454.5,230.1,216
34,74.7,4.8,23.2,58.2,549.2,139.4,22
206,243.5,22.1,21.4,58.3,587.1,267.0,85
752,173.9,16.9,21.2,57.9,369.0,134.0,343
42,39.0,2.0,22.8,62.9,652.9,134.0,24
190,99.6,12.1,28.7,57.5,568.2,158.1,77
1760,329.1,30.8,22.9,47.4,512.5,328.3,563
179,118.1,12.3,12.5,58.2,350.2,165.2,56
826,147.9,13.8,20.7,70.0,706.2,190.8,530
61,85.8,11.5,25.2,53.8,513.2,123.4,34
2423,289.2,34.3,7.4,62.3,404.1,275.3,411
755,203.5,21.5,18.3,56.5,476.2,309.0,281
39,71.2,2.0,21.4,53.5,547.5,166.1,23
972,142.3,25.3,25.1,,649.2,244.2,399
6279,206.8,36.9,23.0,57.3,549.6,506.4,1605
241,159.3,14.8,18.7,68.8,260.2,239.8,76
981,186.5,21.4,28.2,56.5,559.9,279.9,379
46,83.6,14.8,24.3,57.5,552.0,147.7,20
16,79.0,12.3,19.8,64.5,394.1,225.6,7
33,93.2,9.4,19.6,70.0,370.0,188.1,11
570,256.3,16.9,22.3,67.4,521.2,304.9,238
50,87.9,10.4,20.7,54.6,425.1,152.6,19
50,115.1,12.9,13.3,65.0,280.7,171.6,16
11,69.9,10.6,16.9,68.5,378.0,111.9,4
125,82.0,13.0,21.7,64.3,464.8,135.4,65
141,122.6,2.3,10.6,80.5,406.2,157.4,56
180,131.2,11.4,22.0,61.7,365.3,158.3,89
1607,212.2,24.9,24.1,63.4,519.9,236.6,795
129,149.9,12.8,27.9,69.3,551.8,160.5,56
75,121.6,10.2,14.1,47.7,324.7,156.0,26
2620,345.6,21.0,10.3,43.8,283.8,275.3,742
34,89.4,12.2,5.0,56.9,239.3,161.8,7
2703,384.2,35.8,23.1,63.5,352.7,414.0,704
6976,320.1,24.5,9.7,47.6,317.6,359.0,1361
30,72.6,17.6,22.9,51.5,482.1,162.8,13
3374,309.1,28.2,12.7,64.0,221.2,385.8,605
155,71.6,20.7,16.1,51.9,434.2,171.0,63
675,118.8,15.1,18.1,65.4,799.7,230.4,320
487,175.4,13.1,17.9,52.9,385.7,203.6,163
686,211.4,21.0,17.7,44.2,522.6,221.1,304
1796,205.1,17.2,19.5,63.8,508.7,293.0,807
16,88.9,11.7,,61.0,792.3,136.1,10
481,166.1,19.6,5.4,52.3,358.9,194.4,111
67,100.9,12.0,24.7,67.1,437.9,194.1,32
18,82.0,9.8,34.3,84.0,645.3,164.6,8
157,121.5,14.7,31.3,77.9,319.5,156.2,54
202,117.0,26.5,21.7,50.0,576.3,284.7,79
1426,228.5,21.7,19.0,65.5,487.9,298.7,523
1006,233.1,27.7,28.2,80.8,622.8,422.7,313
162,163.0,12.6,23.6,59.0,621.7,198.0,89
572,172.8,2.4,22.9,69.0,476.0,234.5,352
524,203.7,24.1,20.3,57.3,420.9,242.0,155
31,93.3,9.6,13.2,61.5,401.8,144.9,11
470,264.0,,26.2,84.5,604.2,196.6,293
12,71.1,6.4,27.1,85.6,474.9,163.5,5
36,108.2,15.4,26.8,76.5,806.7,144.8,18
1900,221.8,31.2,8.8,58.3,400.0,428.0,302
550,160.2,24.5,29.1,82.8,622.3,213.3,205
36,77.9,10.8,35.5,80.9,522.5,173.3,15
893,228.4,12.8,27.3,78.3,783.4,279.9,496
216,179.2,12.0,20.1,64.7,318.3,,76
10,84.9,10.0,15.2,58.8,440.1,154.5,4
837,200.9,15.2,19.5,60.6,494.5,208.6,436
29,91.4,15.4,32.4,83.5,622.5,160.1,15
658,143.5,24.1,22.8,55.0,472.3,286.4,213
1600,325.1,37.9,25.0,73.8,548.6,256.8,657
970,185.5,15.9,13.6,79.9,270.4,247.6,342
156,172.6,8.6,16.0,61.9,417.4,99.9,76
48,76.6,9.1,19.0,62.8,522.9,159.1,29
90,164.7,10.1,16.8,60.6,377.1,173.9,31
875,204.6,20.8,31.0,62.8,596.0,224.3,309
1019,256.3,11.6,22.9,56.5,502.1,306.9,474
566,178.5,13.5,23.2,49.2,467.4,237.1,321
91,153.2,13.7,7.3,58.5,311.7,180.0,29
2730,297.7,18.9,20.9,61.0,388.0,282.3,1065
48,84.5,12.9,27.0,54.4,426.9,167.4,21
182,101.3,15.5,29.0,81.9,641.7,147.9,87
2286,202.6,27.1,18.3,61.1,379.9,413.6,562
50,87.6,3.5,16.6,55.4,586.1,175.7,25
133,110.8,13.0,8.8,61.0,310.2,192.7,34
907,147.7,13.2,23.2,63.4,441.3,307.9,362
147,110.2,14.8,20.4,65.9,534.7,115.2,90
30,80.6,15.6,28.0,67.6,728.2,209.0,13
7927,464.0,27.2,8.8,45.4,335.9,466.2,1268
339,240.9,23.2,23.3,52.5,401.1,264.3,144
2204,251.8,16.8,7.4,52.2,362.0,337.5,579
331,146.1,11.7,20.6,75.6,321.3,306.3,101
163,106.5,13.2,25.4,61.9,438.0,159.8,72
46,98.2,14.7,14.8,59.6,460.6,182.1,0
2424,224.5,28.7,21.6,58.4,517.5,365.4,883
167,133.4,11.8,13.0,68.3,386.5,186.1,58
80,122.2,4.0,27.9,95.0,440.4,160.0,36
281,226.6,5.0,16.6,58.6,255.0,279.1,80
775,176.6,8.8,29.6,65.7,617.6,247.1,345
130,141.4,11.3,11.8,64.8,489.7,171.9,56
1606,303.5,18.0,21.4,55.9,423.0,311.2,696
905,196.3,25.6,15.7,62.4,398.9,279.2,344
953,128.1,13.3,19.4,59.2,447.4,139.5,315
23,84.2,25.0,15.6,68.1,484.2,219.2,8
529,277.8,13.0,25.8,52.0,778.8,235.5,304
88,104.9,10.4,29.3,76.5,669.8,158.5,51
1013,173.3,25.4,21.4,59.3,451.9,406.3,247
2013,262.5,14.8,16.1,57.1,344.6,358.8,720
3989,570.5,30.8,31.4,78.8,655.7,474.3,1079
166,126.0,8.8,25.1,68.0,545.8,149.8,85
623,174.0,14.6,32.6,66.7,652.2,271.3,298
1496,158.4,29.8,22.4,51.7,438.8,496.9,348
158,123.7,6.0,18.6,63.3,414.0,101.3,87
2176,219.8,21.0,8.8,53.1,291.0,365.3,394
23,88.1,10.9,19.8,58.1,480.2,140.7,12
52,112.7,12.8,19.2,56.3,601.4,158.3,24
600,81.5,20.4,19.6,66.3,409.9,218.0,197
254,235.2,24.3,26.4,71.8,520.5,266.4,116
2605,229.4,25.7,29.8,62.6,630.7,250.2,1011
2828,230.7,26.9,12.2,50.1,255.0,251.9,688
28,76.3,8.3,19.5,57.1,645.8,97.8,14
775,271.1,18.0,23.1,71.4,493.0,256.6,403
1646,198.2,20.0,22.1,64.4,634.4,330.9,734
162,151.2,9.6,24.1,48.0,300.3,178.4,71
200,117.9,6.4,21.9,67.2,734.6,146.9,116
1844,297.8,25.3,19.0,52.0,344.0,334.2,446
37,38.4,7.9,27.3,72.1,480.8,108.3,13
503,124.6,18.1,10.7,43.1,214.0,291.1,92
55,157.7,6.8,20.8,64.7,489.8,172.0,28
370,144.2,11.3,20.5,63.9,326.5,252.1,178
1551,241.8,26.2,30.7,76.1,737.5,271.0,70
2153,275.0,31.5,17.8,68.9,511.1,290.3,654
66,108.3,2.0,10.3,50.8,343.3,192.9,23
388,186.0,7.8,28.5,61.4,511.6,240.0,209
40,81.1,12.3,,50.4,228.9,183.7,11
769,124.4,16.9,27.5,76.2,466.2,282.0,292
1655,351.3,22.0,15.0,62.2,397.8,340.3,572
534,215.9,23.4,16.4,64.3,212.4,303.0,119
48,87.2,16.8,22.7,59.2,403.0,156.2,16
2495,254.7,12.0,26.9,56.8,484.7,283.8,1082
697,280.5,16.8,20.5,63.6,374.8,222.8,284
250,190.3,33.2,26.1,53.0,521.0,218.9,79
795,266.8,13.9,6.3,43.9,347.0,237.3,221
648,223.9,19.3,26.8,63.7,398.7,298.1,272
2425,279.0,27.6,13.3,45.9,325.2,332.9,515
543,200.8,21.5,23.3,60.3,643.3,232.0,267
157,107.5,7.2,15.8,55.8,241.4,142.1,43
119,115.5,12.7,9.1,61.3,323.9,102.0,34
475,251.3,10.1,29.2,65.0,549.0,288.1,247
990,159.6,11.1,23.1,51.5,525.6,204.1,372
208,150.4,10.4,27.1,86.3,576.4,223.2,86
253,171.2,15.3,24.4,68.5,767.0,288.6,115
1749,277.8,18.4,21.2,46.0,557.5,330.6,1025
2543,350.8,32.8,21.9,75.0,751.8,348.3,1005
637,218.3,18.5,21.3,54.9,330.3,221.5,157
20,76.2,18.9,20.5,70.2,440.9,184.2,7
876,188.9,21.9,24.8,77.8,697.9,283.2,348
696,216.1,26.9,24.1,52.2,476.7,215.1,357
98,110.9,10.2,9.9,61.7,312.2,113.6,27
30,81.4,5.4,30.6,52.1,597.8,,18
637,203.4,18.5,17.8,67.4,287.9,298.6,205
9337,675.9,25.0,17.2,59.6,353.5,449.9,2615
674,195.9,14.8,20.6,61.1,310.1,245.6,320
180,99.2,15.8,21.7,51.2,575.6,128.9,84
424,144.8,13.6,22.2,43.9,541.6,180.3,222
2184,243.0,25.5,27.0,52.9,241.2,407.0,538
196,85.4,15.1,21.9,59.6,473.8,108.5,84
2269,281.7,36.3,21.6,49.0,596.7,277.5,730
400,168.6,17.9,20.7,59.7,414.0,251.7,173
680,213.8,12.5,24.2,63.6,484.1,253.7,291
95,83.7,11.1,10.1,57.4,366.1,123.3,27
188,128.5,12.4,28.9,80.1,761.3,132.4,128
5262,377.8,24.7,24.1,57.9,456.4,453.2,1981
1439,294.6,26.4,33.0,60.5,487.8,465.7,475
51,109.6,6.5,24.8,56.3,541.1,155.0,25
46,68.1,14.0,29.7,82.8,334.0,75.2,15
577,190.5,18.5,18.2,51.7,405.0,277.2,195
612,192.9,21.3,16.6,69.2,321.8,218.3,243
1153,388.2,17.2,17.6,70.1,614.6,410.4,585
89,110.9,11.6,24.4,67.9,525.4,158.2,39
11,83.0,10.1,23.6,53.3,609.8,170.4,5
1830,287.3,37.4,23.0,50.7,315.1,439.2,255
950,187.5,12.9,20.8,72.5,444.1,277.4,414
1614,152.1,17.4,29.9,69.8,602.6,345.9,554
755,204.2,13.5,20.9,69.6,262.4,257.2,269
10,89.1,14.5,23.6,43.3,444.2,137.4,6
1861,179.9,15.7,25.0,69.8,385.8,313.4,587
41,96.1,12.9,18.6,66.7,312.7,181.1,12
2092,274.2,34.6,20.4,70.5,443.4,261.4,716
317,146.5,27.6,27.1,66.0,565.1,234.5,146
918,108.7,22.8,21.3,70.2,460.2,284.7,296
684,238.2,26.8,13.8,77.9,367.1,297.4,132
22,93.2,6.7,23.7,55.9,395.8,179.6,11
46,84.7,2.4,6.5,57.5,331.5,125.0,13
2620,295.8,16.3,13.7,38.4,286.3,286.9,0
7039,342.6,35.6,19.0,61.8,196.3,463.6,1286
4665,536.3,33.1,23.8,66.1,496.6,517.8,1389
198,120.5,11.0,13.6,59.1,329.9,144.5,75
636,209.6,14.9,24.9,49.5,656.9,226.0,333
295,186.9,14.4,21.0,75.1,384.6,218.8,105
292,253.5,21.0,18.5,50.3,454.5,266.4,114
215,174.0,14.3,20.4,62.7,410.1,194.9,67
2709,307.4,19.9,29.4,64.2,541.7,513.4,1013
950,158.0,28.9,18.7,63.9,278.3,174.9,219
69,120.1,11.9,24.5,69.5,414.1,133.6,0
28,56.1,14.6,11.2,55.6,357.3,152.4,8
264,126.4,14.3,12.6,50.9,293.3,200.1,72
758,121.9,22.8,19.0,66.7,444.2,239.7,310
567,251.3,28.3,30.3,76.4,704.4,298.4,257
2727,297.8,18.2,20.8,81.2,690.1,323.8,1386
45,91.0,10.3,17.2,54.5,264.6,139.2,14
91,151.3,10.6,20.1,63.1,524.6,92.8,58
270,188.3,32.6,19.4,56.4,456.5,304.6,74
135,144.5,19.4,17.3,66.7,292.3,185.7,42
2441,245.9,23.1,14.6,47.6,335.9,272.5,711
1991,231.7,16.5,16.5,86.5,464.6,508.4,522
412,181.8,7.6,20.4,76.2,307.1,247.7,120
907,197.4,17.0,7.5,51.6,291.2,280.1,247
331,237.7,20.4,20.2,65.5,500.3,280.1,143
40,67.2,17.8,28.2,95.0,791.4,165.6,17
118,138.7,13.4,15.4,53.6,336.7,203.9,0
46,108.9,13.2,11.7,54.7,269.7,140.2,12
586,191.8,16.3,13.7,73.0,377.4,234.9,285
2193,221.6,35.5,20.8,72.9,520.4,345.4,627
2915,285.4,24.1,19.6,60.8,366.4,280.8,976
1618,163.4,29.9,29.2,88.6,543.4,493.6,300
2299,290.3,25.5,26.6,67.1,576.1,373.3,1134
1726,267.6,34.9,9.2,60.5,309.4,436.0,0
569,214.6,19.5,16.8,62.0,316.8,293.9,191
1270,117.0,18.8,23.4,62.0,411.3,332.2,384
141,98.9,15.6,19.5,54.4,514.8,152.5,67
1770,174.8,39.2,19.1,65.9,411.7,359.8,330
43,70.9,10.1,25.7,65.3,390.6,128.9,19
1391,287.4,41.8,26.3,64.3,615.0,385.0,310
155,103.3,8.7,19.1,60.8,586.6,188.2,74
2783,258.9,29.8,20.8,74.8,340.2,322.0,693
8889,408.0,26.8,12.3,53.6,436.2,422.0,2839
901,158.6,25.8,15.2,77.7,445.2,201.0,289
79,98.5,10.4,22.1,66.0,494.7,156.1,43
55,95.7,8.1,26.4,82.4,645.6,140.7,27
48,59.8,10.1,12.2,56.7,379.3,212.6,14
32,90.2,12.3,25.2,48.9,549.1,141.7,13
959,166.2,25.9,13.6,52.6,296.9,263.4,249
146,96.4,18.8,24.3,75.7,703.7,129.1,74
42,86.9,16.7,,46.3,459.0,103.0,19
317,247.3,14.5,15.0,54.2,476.1,249.7,130
385,227.0,17.7,22.9,70.2,471.8,241.0,174
92,139.9,16.6,28.5,62.2,542.3,132.3,45
84,108.4,10.6,14.0,48.1,556.2,115.9,45
179,168.0,17.8,9.3,61.0,,164.3,65
9562,569.6,33.9,16.3,56.2,521.2,445.7,3324
450,223.3,17.7,25.1,61.3,510.6,273.2,219
76,93.2,14.7,17.7,52.6,243.2,131.1,18
1038,87.7,25.2,16.1,61.1,450.7,265.7,220
1143,191.4,30.9,28.6,65.8,508.1,257.7,386
2481,194.7,20.8,26.4,69.6,652.1,394.2,99
120,164.5,9.8,22.1,60.9,483.4,133.4,63
2576,282.3,11.1,15.9,47.7,401.7,392.3,956
101,111.6,11.8,27.2,75.5,711.4,156.3,63
960,194.3,13.8,22.3,83.3,562.7,204.2,409
101,155.7,13.1,21.5,57.4,505.7,133.3,57
42,86.7,10.7,18.9,40.0,305.8,146.3,11
5177,322.1,35.4,19.9,66.8,393.8,482.4,966
804,164.5,15.9,31.6,86.1,575.9,240.4,368
107,118.2,9.4,20.0,71.0,502.2,148.8,43
513,187.2,21.5,22.2,56.5,327.2,229.5,196
35,84.1,6.6,34.1,61.1,781.8,166.0,22
842,145.8,18.3,21.1,55.6,437.0,317.1,273
148,84.4,14.0,17.2,58.7,488.8,171.5,58
409,69.1,20.3,28.2,56.2,743.9,241.9,175
704,99.0,19.1,23.7,89.1,446.3,290.3,188
15,98.2,10.4,30.9,62.8,491.8,137.1,8
101,131.4,10.5,17.4,60.6,515.7,159.4,57
337,133.6,21.6,16.1,70.3,482.2,314.8,10
27,70.7,13.7,27.9,51.1,572.7,190.2,13
1252,269.3,22.1,18.1,69.3,347.9,408.0,413
83,107.3,12.2,23.6,69.9,345.5,150.5,36
877,188.7,12.9,26.9,73.3,454.9,215.1,504
646,180.5,13.6,10.8,60.9,307.8,263.3,168
110,114.1,12.6,20.6,46.1,533.8,104.5,63
41,91.8,12.2,5.6,51.0,300.3,170.8,9
96,77.9,12.0,20.8,67.4,233.3,189.4,27
943,253.9,18.0,8.3,45.9,278.1,242.5,249
37,96.7,10.9,17.1,58.5,465.0,153.2,14
118,124.9,11.8,21.3,60.5,385.5,154.0,68
379,128.5,13.6,17.5,85.1,297.3,249.1,144
71,106.8,14.7,21.8,55.4,561.3,152.0,40
438,188.2,7.8,18.6,71.3,689.3,297.1,255
2562,224.1,32.6,20.6,44.6,461.3,377.8,681
1640,221.7,17.0,29.2,64.2,520.6,190.8,628
23,82.4,15.4,18.2,56.1,342.2,135.9,7
21,56.5,10.3,25.9,71.0,491.0,143.5,9
497,161.2,14.3,23.7,68.1,500.6,264.2,227
164,98.8,10.2,13.0,55.4,369.2,160.0,52
398,102.3,13.7,19.6,64.6,394.6,286.4,114
2994,257.9,27.6,30.8,77.2,581.5,284.9,1310
929,178.6,23.9,29.2,78.3,553.4,233.1,326
28,82.3,10.9,16.1,81.3,428.7,157.9,9
101,121.3,14.7,16.3,62.1,395.2,147.0,28
74,128.6,8.1,19.9,57.1,482.5,150.0,44
874,210.9,25.0,22.1,60.2,216.8,164.4,314
90,106.7,14.2,22.8,68.8,230.1,131.1,24
57,117.8,14.6,14.0,68.1,451.1,163.6,18
2776,217.7,28.0,21.0,72.5,466.4,363.2,865
986,180.8,19.5,24.5,64.3,575.4,212.2,580
784,148.6,25.1,35.8,77.4,711.1,323.4,212
205,184.8,33.1,20.9,64.7,623.3,245.5,89
191,71.6,12.8,30.4,69.1,474.8,106.8,79
38,49.2,12.0,22.0,53.9,687.9,175.9,22
125,94.9,17.1,17.7,54.1,320.1,115.2,44
413,197.0,17.9,30.8,75.7,400.2,237.3,157
14,80.1,15.5,16.5,66.8,509.8,129.1,6
38,89.7,8.1,19.9,58.3,465.8,144.2,22
19,66.1,17.1,8.0,51.4,209.6,180.4,3
1651,185.0,31.3,25.1,76.8,576.4,360.2,506
66,101.8,7.4,15.6,45.5,327.9,115.9,20
15,65.8,8.7,16.1,70.3,345.7,173.9,5
522,140.5,26.5,23.6,41.6,487.2,244.5,173
2945,178.4,17.2,16.8,62.0,257.9,303.8,921
872,119.2,13.7,22.7,60.3,483.5,239.4,395
1372,257.7,19.4,28.5,78.8,,344.0,664
473,240.9,23.4,22.9,78.9,407.9,170.3,149
84,138.6,13.8,26.6,73.7,585.2,135.1,42
87,155.6,13.5,30.1,54.3,522.1,183.2,52
1776,257.6,20.3,23.1,62.1,656.3,341.5,935
864,252.8,11.6,30.3,65.7,628.6,247.3,548
17,86.9,8.0,18.9,68.4,345.2,151.1,7
159,129.2,14.2,21.0,58.3,429.2,141.3,77
682,143.9,21.4,20.5,47.2,470.4,235.4,330
336,195.0,21.2,24.7,66.8,465.8,268.3,149
2994,237.4,12.0,18.0,65.2,378.5,220.7,1288
22,87.7,16.1,29.4,85.0,608.9,229.3,10
187,119.4,4.2,22.3,78.4,690.6,149.9,92
2578,238.1,28.2,22.2,63.1,319.4,246.5,944
266,142.3,17.9,22.6,54.4,409.4,185.1,111
469,251.2,20.0,25.4,74.3,602.3,204.6,204
1419,255.7,14.9,17.3,50.4,423.3,403.4,43
8145,234.8,22.3,5.0,59.2,259.3,375.0,1182
939,131.0,16.3,18.0,55.6,398.6,283.0,337
1660,302.8,34.1,19.2,76.2,417.3,332.4,407
161,100.7,14.6,11.7,52.1,197.6,168.3,39
698,249.9,26.8,20.0,56.6,547.4,271.3,248
670,166.5,25.4,21.5,65.8,513.7,249.5,331
1633,234.9,22.4,24.2,52.4,574.8,326.7,662
310,251.3,18.3,,57.2,505.9,269.6,134
526,229.0,9.5,27.7,83.8,337.0,277.3,224
17,100.9,9.8,20.1,68.4,430.4,146.1,8
50,113.4,15.8,26.8,67.3,763.1,130.7,24
1303,257.5,17.4,10.3,55.5,307.3,326.1,339
78,129.8,3.6,26.1,59.4,493.0,168.2,44
216,193.2,23.2,26.0,57.3,866.2,304.7,103
9178,378.9,34.8,30.1,72.9,772.1,352.9,0
480,198.9,23.1,9.1,59.6,244.8,258.3,107
1742,273.1,26.8,14.5,50.5,457.5,350.6,434
1195,287.7,23.8,22.4,78.8,433.1,323.9,422
317,99.7,23.7,16.8,75.4,500.0,236.2,11
7942,627.3,22.1,32.5,84.6,603.7,396.1,3149
635,149.5,17.4,26.2,67.6,618.3,325.2,238
112,105.0,9.7,13.7,57.1,354.0,136.3,40
729,141.4,27.3,20.2,50.7,617.8,186.8,306
273,202.4,19.2,23.6,67.4,342.1,242.7,136
950,214.4,11.9,18.1,59.0,490.6,213.4,491
75,88.5,9.6,29.4,46.8,596.9,180.5,42
47,86.8,5.6,25.1,62.1,286.6,187.2,21
274,176.2,19.3,23.7,87.2,492.4,281.7,98
746,243.7,23.0,21.2,56.1,454.0,257.8,240
9792,408.7,14.2,12.9,56.6,259.0,444.1,2731
25,66.3,8.6,19.2,65.7,589.1,133.5,0
138,152.3,13.0,21.4,70.4,338.0,186.4,55
823,217.2,14.2,16.0,60.4,399.0,270.3,284
490,248.3,16.3,24.6,79.4,548.0,243.6,296
2518,338.2,13.0,26.9,53.4,596.1,358.0,1487
130,109.3,10.2,23.0,75.7,476.8,185.4,65
112,194.7,14.8,20.1,62.5,426.1,140.0,63
38,74.9,19.2,24.1,,287.3,106.3,9
29,72.4,15.5,32.0,73.7,394.9,165.5,11
94,126.8,7.3,18.1,61.9,233.3,188.2,25
111,145.7,13.6,19.5,67.0,406.2,156.0,39
665,177.0,20.0,24.3,63.9,642.5,274.4,321
316,218.4,21.3,23.0,49.0,603.7,281.3,160
660,162.0,21.9,27.4,79.1,594.0,277.3,240
170,133.3,13.3,6.2,53.9,317.5,154.6,49
1573,278.0,26.0,24.0,63.5,462.4,466.6,492
6851,402.1,18.5,16.7,50.6,340.9,472.2,1635
720,191.3,15.5,8.7,66.8,314.8,275.8,209
181,92.1,14.8,13.4,62.6,340.5,191.1,59
5254,372.7,26.8,18.2,74.4,338.7,332.1,1381
451,208.1,18.2,28.1,58.0,524.7,228.1,245
143,160.5,15.5,21.7,52.3,384.5,149.1,78
607,136.9,19.5,19.2,60.1,456.4,282.9,242
1752,254.1,28.9,13.1,51.1,,371.7,0
881,211.6,11.8,23.0,61.5,429.8,250.0,406
583,185.4,14.5,25.2,66.4,496.4,263.3,300
309,175.9,6.0,29.1,75.0,647.3,207.6,181
1016,322.4,9.1,28.7,68.1,835.6,331.4,688
2981,97.7,27.8,33.9,50.9,592.3,271.2,761
639,197.3,19.6,14.4,49.5,245.1,264.9,142
216,188.6,14.4,20.3,68.2,343.0,293.3,86
661,211.6,12.7,15.8,57.2,400.2,230.5,239
2209,304.3,23.4,22.5,60.7,529.0,357.7,1046
2560,258.9,24.6,10.4,70.7,420.0,351.3,762
28,85.9,20.1,13.3,69.8,460.1,177.8,9
194,135.2,10.9,13.3,55.1,336.4,159.7,53
7857,389.4,29.6,14.6,56.4,359.7,426.4,1537
41,56.5,11.0,17.3,53.3,474.9,118.3,17
2366,260.1,11.9,21.5,60.7,471.6,295.7,772
698,178.0,11.6,9.1,53.1,236.6,213.2,175
181,119.1,3.6,28.9,71.7,611.6,128.4,116
1120,183.2,27.9,30.6,61.1,822.1,325.0,446
1890,358.1,15.9,30.6,68.6,781.5,316.2,998
528,204.6,18.9,19.4,50.2,628.6,270.8,303
160,90.6,18.2,20.0,54.8,712.1,99.9,67
2295,262.9,23.7,27.9,62.0,365.2,339.7,793
69,151.8,15.1,24.8,52.6,386.1,189.6,33
158,141.1,10.1,31.4,91.3,628.8,150.4,81
793,172.8,33.8,18.3,63.3,255.0,279.1,153
84,124.4,11.4,27.7,70.7,608.8,185.8,42
194,140.0,4.6,19.6,62.7,413.0,202.8,78
946,141.9,16.2,9.3,52.3,284.6,246.1,240
271,146.4,18.6,30.5,73.0,642.8,261.3,113
92,118.7,15.8,17.7,51.4,462.0,166.3,38
341,166.9,15.8,18.4,77.1,430.5,230.0,121
127,124.4,10.2,18.0,56.7,513.2,143.4,68
2794,227.9,33.0,16.3,55.7,344.5,373.5,492
972,188.1,21.0,20.6,62.8,380.5,276.3,389
309,229.8,16.5,19.5,45.1,565.7,195.0,173
1560,333.6,28.9,15.5,58.8,376.2,329.3,448
22,87.7,15.5,17.9,68.1,520.4,129.9,10
177,99.2,11.3,29.7,65.2,666.8,168.4,70
299,174.1,21.1,8.6,59.9,310.5,229.0,69
1068,195.9,16.3,18.4,53.3,308.3,297.9,285
42,66.2,11.9,25.3,69.7,495.5,193.7,19
50,96.8,12.8,28.9,75.0,558.9,166.1,22
6413,183.6,8.0,23.2,64.8,404.4,514.5,1737
95,154.4,14.4,22.1,51.8,482.8,152.5,53
98,65.4,7.6,25.5,74.6,797.6,164.4,57
136,155.8,17.0,16.9,61.7,500.7,148.9,72
106,106.4,12.2,19.5,59.5,492.9,164.0,55
9753,349.6,14.7,25.6,52.3,808.9,454.7,5043
2078,250.0,24.5,21.1,56.4,520.7,392.5,869
1164,263.9,37.5,19.4,47.2,316.4,385.9,219
1470,199.7,,23.4,54.6,434.6,359.6,568
35,82.1,11.3,30.5,71.2,584.1,182.7,17
380,229.4,17.2,14.9,69.8,352.8,252.9,111
111,111.6,14.3,17.0,62.4,345.6,125.7,43
163,106.2,13.8,25.4,70.8,528.6,140.7,77
694,189.5,24.9,31.9,70.0,662.3,263.6,308
43,80.5,6.8,27.1,60.3,720.8,149.0,25
155,81.5,14.8,16.1,65.2,286.2,158.9,45
892,175.9,14.0,20.8,74.8,384.5,284.6,372
298,179.6,21.5,18.8,80.5,496.3,271.8,95
2301,241.2,14.4,23.5,57.5,603.0,399.3,1173
642,145.5,25.6,37.0,92.5,517.9,273.9,225
118,117.3,13.7,31.8,76.0,489.0,155.0,45
5280,470.2,25.5,17.9,52.8,372.9,327.8,1654
60,95.3,17.1,10.3,55.7,302.8,196.2,13
165,111.3,9.3,20.5,63.7,497.2,187.1,66
9349,386.8,33.8,17.2,67.0,537.4,326.9,3485
2057,262.4,18.5,22.7,62.3,549.5,333.5,1015
824,237.8,11.1,19.0,47.3,383.9,282.1,478
118,131.6,12.4,18.5,58.9,701.8,140.2,78
306,202.5,17.6,17.3,68.6,409.3,292.2,87
314,189.8,23.0,21.7,59.4,523.0,328.6,137
101,137.4,11.9,34.6,75.6,373.5,141.8,43
33,108.3,11.3,23.8,88.0,581.2,161.7,18
897,82.1,13.8,23.6,72.5,475.4,264.2,225
100,137.1,14.4,30.6,73.2,449.6,154.3,41
766,118.6,17.0,19.0,48.9,412.0,254.1,281
776,198.0,14.2,17.9,62.3,450.5,222.0,340
90,136.4,11.2,19.0,52.3,339.2,142.7,28
28,77.8,17.9,31.7,85.0,446.2,170.2,9
304,150.5,13.2,22.2,66.8,657.1,242.1,119
45,81.8,7.4,28.4,81.6,699.6,103.5,27
230,173.0,10.2,23.9,53.5,536.0,184.5,140
70,158.7,8.7,32.4,68.5,565.4,110.8,40
46,72.3,14.5,14.8,57.1,278.4,174.8,10
6422,405.7,17.9,36.7,68.4,811.6,338.8,2888
2127,24.6,18.4,,67.8,721.4,349.5,491
189,95.3,10.5,30.1,91.6,554.3,133.2,82
47,94.7,14.5,21.5,59.9,466.6,142.8,21
100,154.1,3.8,22.1,59.6,627.9,157.3,70
19,92.5,4.4,,64.4,496.2,166.2,9
185,145.0,13.1,12.8,52.1,336.6,186.3,0
516,248.5,18.7,,60.6,528.3,228.9,235
583,205.0,20.9,19.0,59.1,313.4,366.8,205
168,124.1,10.0,20.4,63.5,488.4,111.1,69
78,122.0,7.4,5.0,57.7,241.2,99.4,16
26,102.1,10.5,12.6,57.6,360.1,87.7,8
5863,411.1,20.5,30.4,80.0,616.5,377.5,2282
212,115.7,16.9,16.5,66.5,527.4,225.7,76
313,112.1,17.2,13.7,43.8,370.9,301.2,93
345,189.4,20.5,18.7,68.4,424.0,300.2,122
2978,249.3,24.8,11.3,51.4,399.1,355.1,724
1056,241.0,22.5,22.2,65.3,327.7,372.1,239
975,124.4,11.8,21.8,64.0,468.1,245.1,451
191,131.0,16.9,16.3,56.1,504.4,133.0,101
97,92.3,8.6,30.0,70.9,505.8,165.3,47
181,128.9,17.3,21.5,53.4,389.4,169.4,90
6055,460.8,12.9,21.6,74.7,520.6,440.0,2848
420,162.5,4.7,21.5,55.1,450.7,257.0,216
481,213.9,10.9,17.0,74.2,434.0,209.7,222
58,131.5,17.1,23.9,71.4,376.5,161.7,18
184,145.0,9.5,18.4,73.8,311.6,163.6,67
922,200.3,16.2,30.7,46.4,442.3,272.9,388
689,142.6,11.1,15.4,56.1,357.2,264.8,220
124,113.6,7.9,25.4,78.0,576.1,125.9,61
128,116.1,5.6,17.8,69.8,340.9,161.3,48
4361,464.4,23.5,36.7,66.5,611.0,538.6,1422
2302,264.7,28.8,28.9,53.6,653.8,404.6,932
620,146.2,17.9,13.7,50.7,366.0,250.3,200
96,118.4,11.4,33.3,62.2,516.5,203.5,40
6150,264.2,14.3,25.8,65.3,439.2,282.6,2616
47,97.5,6.4,26.0,81.7,755.1,180.2,31
2241,246.4,10.6,9.6,57.3,378.1,366.1,507
227,122.3,19.2,20.7,62.5,479.2,299.4,80
34,80.7,8.8,24.5,62.3,316.6,139.4,14
67,146.3,9.4,21.7,56.3,507.0,150.6,35
68,127.9,10.9,23.9,59.9,453.9,211.5,29
1577,253.8,22.7,32.9,,705.2,285.0,728
132,114.0,19.5,21.0,62.6,506.6,134.7,61
172,82.1,8.3,9.8,50.4,240.2,144.4,43
327,221.9,19.2,33.2,64.9,513.3,271.1,151
117,111.2,4.6,18.4,64.0,221.3,147.3,43
15,78.0,12.0,20.7,48.0,500.8,116.4,6
53,119.5,11.7,10.8,59.6,357.1,162.2,15
1845,252.1,28.1,27.3,59.2,622.2,321.9,676
455,176.8,19.1,21.0,56.4,522.0,226.4,225
37,79.2,5.0,25.5,71.5,416.0,170.1,13
770,213.5,13.3,23.4,80.3,638.6,277.7,369
578,255.4,26.8,23.0,56.1,667.4,275.3,252
922,221.3,9.2,13.7,73.7,503.1,320.3,427
168,80.9,12.7,16.2,71.6,426.8,121.3,57
2533,209.4,16.3,23.6,64.1,770.2,477.0,920
718,221.1,11.2,29.6,65.6,568.4,330.2,379
66,161.5,7.4,10.3,55.6,310.2,144.2,22
45,74.1,17.8,9.8,46.8,286.8,131.7,10
78,114.6,5.5,19.9,54.1,686.6,172.5,46
566,230.9,18.0,11.8,57.0,353.5,274.8,200
126,97.2,5.4,11.2,50.5,249.8,203.0,39
170,84.4,18.8,31.9,56.0,757.9,162.3,67
429,140.1,21.5,15.8,54.9,408.2,269.3,123
10,44.5,2.0,22.1,69.4,294.0,126.1,4
143,105.3,15.4,20.1,52.7,668.5,150.7,91
34,60.8,8.0,37.9,68.9,714.1,99.4,18
157,117.9,10.9,23.0,69.4,579.1,114.7,97
115,107.2,18.5,14.0,79.8,447.7,164.6,46
174,148.9,7.7,28.8,70.0,621.3,134.2,102
70,137.2,9.9,26.4,51.1,496.4,103.0,42
303,200.4,23.7,18.2,73.0,426.3,233.5,104
668,157.6,20.0,17.4,62.2,536.8,266.0,300
774,164.7,,12.2,56.8,409.7,240.5,234
596,115.8,18.8,25.1,71.9,411.6,210.2,188
177,139.9,15.7,22.7,70.1,688.1,171.9,78
129,92.1,13.9,16.7,60.8,493.9,120.5,48
143,119.5,15.4,21.3,61.8,521.4,152.7,70
177,121.1,20.5,26.8,57.1,649.8,121.4,94
914,237.1,11.9,18.6,62.8,362.3,293.9,336
19,92.8,14.8,23.1,58.4,594.9,154.8,9
625,131.8,5.2,23.8,72.6,781.3,188.3,405
633,202.2,20.8,13.2,39.8,263.4,317.9,145
7761,331.9,30.4,28.1,78.9,619.7,502.7,2147
161,150.2,14.8,5.0,54.7,252.9,179.7,38
1928,371.3,20.7,24.2,59.7,253.8,378.5,641
761,182.5,6.0,21.4,53.8,545.2,253.2,476
92,125.4,19.9,28.0,51.6,555.5,169.6,39
128,139.5,16.3,20.4,56.0,387.6,154.9,46
759,169.1,17.7,,55.2,284.0,267.1,203
30,100.8,15.4,16.2,72.4,303.2,153.8,8
991,132.8,20.7,29.1,68.3,642.2,172.1,405
7309,356.0,14.6,20.1,58.3,424.6,486.2,2126
113,89.0,6.4,18.6,61.6,272.2,158.2,32
2310,306.0,24.7,22.2,74.0,451.8,357.4,797
2738,286.7,38.1,19.5,59.2,356.9,339.3,640
1875,267.7,17.4,22.9,70.7,324.0,398.3,712
5977,451.7,37.8,25.7,58.8,357.7,584.4,1166
1092,205.2,22.6,20.0,67.1,290.7,300.0,251
12,73.8,14.7,20.4,54.4,396.8,218.5,4
116,102.5,2.0,22.5,60.5,648.3,162.4,72
565,144.7,20.5,17.9,69.0,606.8,282.4,247
335,109.2,14.7,12.0,51.9,243.0,219.1,84
1301,289.2,33.2,5.9,67.7,226.5,290.3,219
13,51.9,19.1,21.4,49.9,505.6,156.0,7
1990,176.2,38.0,28.1,63.9,460.0,356.2,513
705,207.2,20.1,20.7,68.4,393.1,234.6,280
1398,302.1,26.4,14.7,70.3,463.9,273.9,588
896,172.7,12.3,45.0,48.7,362.8,217.2,274
818,169.5,17.4,12.9,60.6,212.0,202.6,273
91,177.0,7.7,23.9,64.8,333.0,175.1,40
1742,262.8,42.9,32.9,69.6,541.0,235.7,635
1339,229.7,21.6,27.1,69.9,605.8,362.0,522
89,132.6,10.8,21.9,52.7,545.1,138.6,46
81,169.5,4.5,18.6,65.7,468.0,150.9,46
169,156.4,9.7,24.0,62.4,460.0,192.2,94
2324,205.8,26.7,10.5,64.4,254.9,396.3,415
15,81.9,17.2,18.9,58.4,300.7,125.5,5
1524,308.1,18.3,28.3,61.5,504.3,276.2,732
184,96.9,16.5,24.1,52.6,442.7,88.5,79
2730,307.2,29.3,15.9,58.8,453.5,281.3,1047
587,145.3,26.6,13.4,59.1,288.3,314.7,120
1222,252.2,34.5,16.9,54.9,328.1,265.8,231
10,89.4,8.3,20.5,81.1,679.1,144.1,4
1140,255.1,12.8,27.1,84.4,493.2,376.1,503
32,66.7,12.3,27.4,68.6,596.1,178.4,13
614,186.3,17.3,22.1,54.3,452.6,207.6,235
131,142.7,15.9,14.1,65.0,252.6,137.3,39
2524,293.7,29.4,15.5,63.4,424.8,296.0,725
2960,248.9,30.2,30.9,88.2,590.0,314.9,1306
7453,431.1,29.8,17.3,58.3,617.9,288.1,3211
603,183.0,2.0,27.7,53.4,703.2,358.6,384
1127,228.0,25.7,15.2,55.2,267.9,254.5,285
2439,247.7,22.1,15.2,69.5,418.6,369.8,781
96,91.1,13.9,16.3,47.5,281.8,154.6,28
916,182.4,9.7,21.6,72.3,370.7,257.0,486
174,136.8,12.4,15.7,54.3,314.4,197.2,46
139,120.2,8.5,9.7,68.6,282.1,151.6,40
176,126.3,10.1,12.7,64.0,343.6,157.7,64
971,222.5,22.4,12.5,54.0,367.5,246.8,212
2346,212.4,23.1,19.5,70.7,682.3,262.3,1039
116,150.3,12.3,20.9,48.5,539.8,133.5,64
610,128.9,17.6,19.8,61.6,606.2,294.8,205
170,106.2,10.5,15.2,82.5,463.5,188.1,69
743,136.5,10.1,12.9,53.5,276.6,205.0,215
110,121.4,19.9,25.8,83.3,493.5,128.0,39
607,150.2,27.6,21.8,47.9,655.3,252.9,243
22,87.4,13.9,18.1,61.9,432.4,194.0,10
498,197.5,16.7,27.8,52.5,364.0,211.5,218
144,152.2,10.1,17.6,55.7,387.1,192.7,66
2071,169.3,16.0,15.3,53.4,312.1,346.5,497
284,185.3,21.5,32.4,69.6,533.0,282.5,122
77,116.1,20.7,19.6,49.4,525.1,116.7,41
121,102.0,11.4,28.8,63.0,504.4,187.9,58
522,100.6,18.3,12.8,75.7,599.8,224.4,235
327,193.2,22.1,22.3,64.3,418.7,206.7,105
46,95.1,15.2,25.2,62.8,380.8,148.9,20
774,118.9,17.0,10.3,56.3,264.3,335.7,163
89,120.2,8.9,18.2,72.9,299.5,138.7,32
147,100.5,7.2,21.3,55.1,604.4,116.7,90
2893,322.9,13.1,30.2,69.1,610.5,373.9,1666
43,78.4,9.5,16.8,58.0,334.6,207.8,14
116,155.1,8.4,18.6,63.3,467.5,120.7,48
32,70.2,2.0,20.2,55.8,635.3,161.9,20
2412,361.0,16.2,29.3,76.6,718.1,413.3,1037
1106,200.0,20.2,16.3,67.2,428.2,421.7,395
1092,171.4,27.9,37.8,80.4,714.5,350.1,358
133,91.2,12.9,32.5,73.4,487.4,119.2,64
32,73.0,15.4,27.5,70.5,478.2,117.7,16
13,73.8,,30.8,72.4,606.8,169.9,4
2834,328.8,38.8,24.8,63.1,573.4,310.0,1115
17,73.9,22.8,22.0,60.9,332.8,165.6,6
606,225.3,23.3,25.6,57.1,430.6,216.0,232
618,128.8,25.1,19.6,49.3,520.1,236.8,204
999,218.5,9.6,22.2,52.6,426.0,242.3,565
30,98.3,16.5,17.6,53.8,401.0,174.6,13
1379,268.2,25.3,15.7,51.9,604.2,306.8,647
111,113.9,11.4,14.2,53.3,287.6,124.9,39
671,169.3,13.7,7.3,66.1,298.9,281.3,184
1259,308.1,21.7,16.8,73.6,548.0,339.7,442
23,68.2,10.4,21.4,67.0,681.8,133.6,14
430,148.8,17.1,16.8,69.0,406.5,230.7,121
52,118.7,15.0,23.7,48.2,722.0,132.0,27
82,104.1,11.2,30.0,79.9,661.0,157.0,46
92,141.5,11.7,18.4,52.4,335.8,147.7,44
676,231.0,15.1,37.2,82.7,481.2,291.3,258
2801,247.0,24.3,,80.0,544.1,528.7,811
142,116.7,15.3,21.3,50.4,291.9,157.3,64
6767,356.3,22.3,20.9,49.2,378.4,574.4,2039
702,206.8,10.5,18.2,56.5,309.8,255.7,325
23,78.8,3.6,19.8,49.7,597.8,184.6,15
289,139.2,17.8,15.5,63.6,328.5,235.6,81
557,155.5,14.2,17.6,57.2,303.1,268.0,176
645,167.2,19.8,20.7,56.5,328.4,277.0,279
6839,473.1,32.1,33.8,60.9,660.0,210.5,2908
110,146.7,12.9,20.3,64.6,282.1,139.4,43
119,100.6,8.8,19.3,47.9,555.5,122.3,71
128,152.6,6.3,22.7,74.3,732.2,152.7,94
837,184.1,12.2,30.8,71.6,479.6,170.1,356
198,125.3,20.4,17.9,62.8,491.1,120.9,80
1514,217.1,9.8,16.5,70.3,417.8,355.0,549
711,180.6,17.9,15.0,60.4,402.7,302.3,192
1320,170.1,39.3,18.9,64.8,286.7,296.7,241
1411,307.7,18.6,11.5,67.6,309.6,454.3,335
122,89.4,9.8,16.5,72.2,342.4,128.7,49
2467,241.1,37.4,17.7,61.8,626.3,369.0,832
12,91.2,8.3,23.5,60.3,579.0,171.3,5
636,195.3,14.9,8.5,47.1,290.6,263.5,150
877,195.2,16.1,17.1,65.5,301.8,305.6,285
51,103.8,7.0,22.9,61.1,387.4,147.6,25
94,130.5,13.6,16.3,72.0,400.1,121.3,34
998,189.3,20.9,17.0,72.2,361.8,288.8,354
803,179.1,17.1,32.9,74.4,599.8,269.3,323
35,76.7,10.0,23.1,68.9,500.8,132.7,19
3099,199.4,23.0,24.3,63.0,488.9,607.3,866
352,232.0,24.6,22.6,48.2,538.2,276.5,201
888,189.1,18.4,7.6,45.4,293.2,241.8,244
14,100.5,8.4,14.7,75.0,475.7,116.0,6
2028,283.5,16.3,28.1,71.7,644.4,309.2,1041
843,155.4,20.6,10.4,48.8,246.6,255.3,196
659,175.2,19.8,13.8,49.5,272.9,219.1,169
39,90.9,16.4,16.9,65.2,345.3,192.7,12
1809,336.7,28.7,30.3,85.6,336.8,319.1,676
1876,206.0,31.0,,52.9,497.8,330.0,575
856,170.7,10.8,16.2,66.4,494.5,209.0,337
51,141.9,12.9,18.0,54.7,367.3,179.1,20
639,149.5,12.9,6.0,42.5,194.4,275.5,125
32,80.3,7.9,27.7,64.1,415.9,120.4,17
76,138.2,,21.5,61.6,460.2,190.1,30
216,206.1,23.2,28.6,68.5,587.2,221.7,90
2634,236.4,23.1,10.4,46.8,341.9,350.9,556
51,166.2,11.4,26.4,58.5,567.5,169.2,29
2555,268.1,19.7,26.2,72.0,669.3,372.3,1282
1394,264.3,16.6,25.1,71.4,374.8,303.2,496
294,167.2,19.4,24.3,63.2,225.3,225.7,66
551,139.9,17.1,16.0,54.7,369.2,283.0,138
2979,235.4,,21.3,52.9,434.2,450.4,963
24,83.5,16.6,18.9,49.5,380.0,268.3,6
573,191.4,22.7,19.0,53.2,625.0,248.4,0
400,165.1,21.1,14.3,50.9,438.7,288.8,127
5733,316.4,17.1,31.3,75.2,595.3,392.0,2381
2948,311.4,26.4,20.6,68.4,355.7,277.0,1055
431,143.4,12.5,16.7,77.7,426.3,221.4,133
137,100.5,6.7,17.2,52.2,352.8,157.9,53
2644,195.3,19.4,33.9,55.5,559.8,280.4,951
154,155.1,14.7,29.0,79.5,394.2,149.8,74
879,151.8,14.8,22.5,53.9,847.3,242.6,412
116,138.5,16.5,23.0,68.5,750.9,189.8,55
551,150.3,18.7,24.4,66.2,341.0,242.7,172
737,173.1,7.9,16.1,78.8,451.9,244.9,280
378,192.6,18.0,18.9,62.0,277.1,208.8,103
377,139.1,23.8,19.8,70.8,466.2,238.8,147
151,87.9,11.6,25.7,69.1,748.6,186.0,79
45,86.5,13.3,10.8,50.5,280.2,177.4,1
1287,193.0,22.3,18.5,54.5,460.7,357.3,532
152,122.3,20.0,25.2,67.1,558.1,145.9,84
181,120.3,8.8,6.9,47.1,298.7,190.4,46
1446,271.1,33.7,24.5,64.6,591.4,322.6,484
10,76.7,14.5,11.5,55.6,282.1,138.4,0
28,99.0,8.0,5.0,59.1,444.5,172.2,15
601,182.7,15.1,23.9,51.2,486.6,296.9,243
243,104.4,26.8,15.3,60.6,368.5,309.4,43
255,213.5,14.5,24.2,77.6,622.7,297.7,119
1662,211.4,15.2,15.5,56.5,426.8,348.0,447
367,182.7,11.7,21.2,51.6,335.5,206.1,143
4753,467.5,29.3,18.4,61.3,366.1,370.0,1268
2828,200.9,13.3,31.4,67.8,521.4,409.0,1018
3369,285.6,26.1,22.0,50.4,550.6,509.1,865
849,161.2,36.6,21.5,71.9,492.8,191.4,222
947,172.6,13.9,5.7,56.0,347.5,213.5,248
420,199.3,15.7,20.2,61.2,443.3,254.6,165
887,192.4,21.2,23.9,64.6,524.9,272.5,394
527,161.2,14.0,13.3,48.9,277.2,231.3,148
234,168.8,22.5,14.0,58.6,369.5,248.0,64
649,245.5,16.5,20.4,62.6,379.3,323.6,262
2341,352.1,17.2,24.5,53.3,531.4,329.5,1231
365,162.8,16.2,21.3,67.4,336.0,314.6,104
42,97.1,7.8,19.4,63.9,577.3,128.8,28
1832,284.6,32.6,11.5,63.4,271.0,347.7,339
416,240.6,19.9,16.1,65.2,373.2,289.0,126
846,101.5,19.7,20.0,59.5,620.0,354.7,262
900,222.2,27.7,20.4,72.3,321.0,211.4,285
116,88.0,6.6,20.1,69.2,602.1,115.4,56
2375,303.3,24.4,16.7,63.9,394.0,402.8,725
575,217.1,14.5,19.9,,667.4,224.5,393
2470,181.0,23.2,21.5,69.9,476.0,485.9,745
1221,231.4,30.9,13.9,43.3,177.0,380.4,201
1430,323.7,20.8,23.6,57.8,662.2,295.1,612
11,56.6,21.5,25.8,66.5,599.6,158.5,6
2026,348.2,39.4,25.0,59.3,390.3,297.2,517
80,131.5,12.1,36.4,68.2,659.3,123.4,43
2549,213.1,28.0,28.5,75.2,571.4,446.1,954
49,76.6,2.0,27.2,59.2,523.0,140.0,29
126,149.9,11.2,18.3,55.3,221.2,129.9,30
655,171.7,18.4,14.8,53.0,412.6,228.2,243
149,105.6,13.1,29.4,87.5,710.6,143.3,71
30,56.4,6.9,13.2,58.2,384.0,116.1,10
557,222.2,17.0,14.0,62.3,210.4,261.3,147
661,175.2,18.6,24.7,65.3,507.6,190.8,256
862,138.9,20.9,22.9,43.5,312.5,251.1,203
176,146.4,12.4,15.0,63.5,398.9,191.0,69
48,73.7,8.5,29.0,65.7,553.5,150.1,25
85,143.3,10.2,19.3,58.6,399.5,180.0,40
534,181.7,11.5,28.0,64.8,530.4,269.3,226
449,226.7,14.9,26.4,71.0,,231.0,268
605,227.5,21.9,36.0,76.9,648.3,248.5,301
21,54.5,11.1,21.1,50.6,372.8,147.9,7
663,238.8,13.5,18.0,81.1,567.9,219.1,298
37,79.9,14.3,28.7,70.4,417.5,174.3,17
85,75.6,15.0,27.0,57.7,472.7,128.2,37
471,232.0,29.7,21.7,76.1,552.0,211.5,204
1347,177.6,34.1,23.3,42.0,448.9,472.6,330
170,150.2,14.2,22.0,60.4,467.5,181.5,93
3949,375.6,29.9,21.7,56.7,405.4,344.6,1456
1025,152.7,28.2,21.0,69.4,480.7,376.2,250
51,95.7,6.7,13.4,54.3,314.0,210.6,13
802,163.1,12.1,31.9,71.5,387.4,221.0,317
907,205.0,9.8,16.7,57.3,473.5,226.7,354
1334,217.1,20.5,13.9,54.1,413.3,328.2,354
177,127.4,6.4,19.6,60.5,301.6,135.0,68
956,187.8,21.3,9.6,48.8,252.0,250.0,214
65,96.1,19.6,30.8,78.0,712.9,133.3,29
1857,242.2,18.7,22.6,56.3,629.7,320.9,915
172,149.7,15.7,23.2,64.3,506.5,177.9,90
30,77.2,15.2,11.1,53.7,434.1,224.4,8
189,112.2,17.5,27.1,61.0,470.3,182.6,91
5280,480.7,18.0,25.9,79.5,505.5,585.5,1565
26,72.0,19.8,20.8,62.0,562.5,100.2,14
2415,282.3,8.2,23.4,66.4,359.7,213.0,1166
7649,302.0,27.8,23.5,67.0,371.5,326.6,2397
150,136.7,12.1,16.2,72.5,557.4,149.5,73
371,261.2,28.8,24.5,66.3,504.8,187.4,144
188,152.9,13.8,22.8,56.1,503.6,108.9,107
32,61.6,17.7,26.4,56.5,638.7,129.8,16
75,86.8,16.7,5.8,52.1,326.8,149.6,16
106,161.1,11.5,18.8,56.6,373.7,154.5,46
991,191.1,26.0,40.0,80.6,608.7,278.2,277
548,157.0,23.4,45.0,55.1,385.4,230.1,232
5140,446.0,42.1,18.1,55.8,355.4,439.3,965
4491,426.8,40.3,8.6,63.9,396.2,383.9,837
51,128.2,9.4,20.4,71.8,394.8,128.3,22
1633,412.4,34.3,32.9,81.7,742.5,348.7,585
31,105.0,17.2,13.6,71.6,471.5,69.9,15
524,148.5,19.0,26.8,79.0,707.2,301.1,213
601,176.4,25.7,24.1,57.2,384.3,298.7,214
4826,454.3,28.8,25.8,63.9,563.2,458.1,1791
802,183.7,22.6,10.4,37.5,213.3,330.8,174
749,101.5,10.3,16.6,62.4,377.1,237.5,215
925,192.3,25.5,17.9,59.5,549.0,184.3,315
653,204.5,7.3,21.9,66.6,409.4,228.7,317
818,161.1,14.4,24.2,70.7,611.9,239.6,322
177,117.3,15.6,20.6,61.3,599.6,160.6,101
701,199.7,12.4,19.9,63.4,689.4,256.2,378
1360,192.6,2.0,11.4,49.5,247.1,289.2,374
964,123.7,13.4,10.7,53.5,188.8,217.9,223
501,216.3,29.8,32.4,63.3,696.5,222.5,254
774,172.2,21.8,14.4,55.0,384.2,244.1,132
183,143.4,16.7,21.4,63.4,401.7,82.2,74
451,176.9,11.7,37.0,61.9,500.7,272.4,181
268,155.7,29.1,25.5,63.8,346.5,322.6,91
799,254.5,20.6,25.2,59.4,388.4,242.3,403
13,110.2,14.6,26.1,56.7,533.2,155.2,6
412,153.0,23.3,24.2,66.4,725.6,225.2,186
984,147.1,11.9,29.3,73.3,646.1,259.9,557
2678,272.5,28.4,17.5,63.3,358.0,482.0,736
1341,210.8,33.6,17.0,76.5,262.4,418.8,227
2462,269.2,30.1,31.8,71.9,485.5,335.8,527
1728,196.7,13.4,31.6,69.8,556.1,476.2,632
65,99.4,14.0,18.7,73.8,197.9,136.2,20
27,89.5,13.6,31.1,55.7,645.0,168.4,12
54,104.8,6.6,14.8,54.9,267.2,192.6,17
1524,284.8,22.6,18.6,63.3,290.5,341.3,398
103,132.7,12.6,18.9,68.1,335.6,121.8,34
104,123.6,14.7,23.2,67.1,522.0,151.2,45
137,173.3,10.2,12.4,51.1,330.1,134.7,45
2605,259.1,30.1,18.5,55.2,675.0,280.1,1276
2216,228.4,35.0,16.8,54.2,268.5,294.0,390
448,240.1,25.2,14.1,60.2,234.5,258.4,113
4561,376.6,36.9,17.4,68.3,352.2,437.2,990
27,54.6,10.4,26.7,86.7,504.4,179.8,12
199,115.5,6.9,12.6,51.5,381.6,146.6,83
1439,266.8,29.5,16.3,65.1,307.5,407.6,227
2002,312.5,11.2,22.9,71.0,411.8,397.1,736
985,179.8,27.3,19.2,65.6,456.2,280.8,341
503,274.7,18.1,26.5,57.1,551.2,272.6,234
411,199.5,8.2,25.4,51.1,533.7,221.5,224
391,126.7,14.5,19.1,73.7,318.2,334.5,127
874,116.6,12.9,19.1,56.3,422.5,295.0,274
20,73.0,12.2,25.7,62.0,502.8,146.8,11
36,79.4,14.9,15.5,78.5,281.0,147.0,14
288,164.2,17.8,22.9,71.4,641.4,255.6,164
762,222.6,14.7,17.1,59.8,389.6,260.5,245
25,76.0,14.5,5.0,87.8,648.3,184.9,10
42,54.3,12.4,13.1,53.2,291.0,161.6,9
85,117.4,17.4,16.4,57.9,452.5,181.9,33
2055,262.0,35.6,20.0,75.7,385.3,383.7,0
861,181.1,13.6,22.2,84.5,579.4,186.0,471
11,96.2,20.3,18.7,56.6,518.6,138.0,5
13,78.8,6.7,19.9,62.5,361.8,180.4,4
144,126.1,7.5,28.5,68.8,611.5,166.9,85
47,67.9,5.2,26.2,68.2,415.9,132.0,23
91,132.2,10.6,12.8,59.6,236.9,143.2,28
745,186.5,16.0,24.1,43.8,411.4,278.1,414
2837,207.0,23.5,32.9,92.4,469.2,370.2,1063
214,143.1,16.5,20.2,55.3,513.1,285.5,88
2542,275.7,22.3,24.7,,414.2,297.4,877
193,118.0,7.5,16.2,50.3,364.7,156.9,69
623,130.7,22.3,19.7,72.4,365.0,158.6,163
93,141.3,16.6,18.0,73.3,476.9,131.3,43
288,196.9,18.8,24.7,89.6,607.8,188.5,103
868,148.7,20.4,21.5,53.1,523.1,266.8,315
20,102.1,11.5,25.6,66.0,505.0,119.4,8
24,83.5,9.5,18.6,49.6,423.0,104.1,10
794,260.4,15.3,27.6,68.6,291.9,284.1,0
1592,340.5,30.2,31.1,65.7,674.7,408.1,447
542,112.5,14.1,27.3,77.9,805.4,305.7,237
23,93.5,12.5,14.8,75.5,410.5,144.7,8
852,217.4,23.8,29.5,58.8,595.0,199.7,41
54,105.8,16.6,20.1,63.1,283.5,157.4,15
30,80.1,11.5,14.5,61.2,372.7,177.9,11
140,133.9,16.8,19.9,60.7,681.9,180.6,79
180,101.0,16.2,20.0,73.5,355.6,172.9,72
195,57.7,11.5,19.6,74.9,,117.1,67
1558,380.4,26.2,18.0,57.9,362.6,333.9,452
54,134.7,22.8,27.6,67.2,683.6,161.3,32
575,184.3,14.1,21.2,40.5,333.2,280.4,253
514,178.8,7.8,6.7,59.1,288.1,263.3,156
1157,136.7,32.5,16.2,80.6,421.7,296.0,205
310,124.5,9.5,25.3,56.2,624.4,264.3,181
20,73.1,11.7,15.6,55.7,302.7,202.8,7
713,200.3,13.8,23.2,78.8,795.5,280.8,399
1633,306.0,35.4,12.7,67.3,359.5,319.0,340
13,97.5,14.4,9.3,59.4,306.0,141.3,3
662,249.9,21.9,23.7,67.7,526.2,269.3,266
2985,212.1,18.7,31.4,61.2,680.0,277.9,1134
138,145.8,17.0,30.7,66.1,638.2,144.0,67
376,158.2,17.3,27.5,49.8,653.6,262.0,202
9047,323.7,28.2,15.7,58.8,270.8,354.1,1637
999,203.7,27.0,20.3,64.1,418.6,304.1,348
98,108.8,14.7,21.2,49.6,281.5,144.1,31
196,146.0,14.9,18.7,65.4,388.9,102.9,94
115,80.5,7.8,29.3,83.1,433.9,157.8,47
282,224.4,12.1,30.4,57.0,545.8,255.1,124
701,118.2,28.8,20.5,60.2,442.5,282.2,191
727,144.9,22.7,28.3,74.7,636.6,296.6,273
402,185.4,23.9,21.0,71.3,417.8,293.5,152
2747,277.5,7.0,19.4,60.7,615.7,405.6,1503
355,161.5,27.8,14.8,61.4,354.8,289.9,83
115,122.3,13.6,21.7,78.4,759.3,118.9,80
73,127.9,11.2,19.0,51.4,379.8,132.5,34
22,65.6,12.6,13.6,59.0,284.4,175.0,6
128,134.6,18.2,20.4,83.3,627.2,117.4,61
8037,592.1,21.4,22.1,76.0,551.5,541.8,2691
497,268.8,21.1,17.5,63.4,457.6,306.7,185
189,106.5,10.2,17.0,66.9,370.7,161.8,58
150,176.5,13.1,13.3,76.4,427.9,162.4,66
357,203.7,17.4,18.8,54.7,430.5,222.8,111
348,163.8,26.0,21.6,66.2,687.7,221.5,168
146,110.4,15.2,13.7,56.4,375.2,179.1,45
308,229.8,8.3,12.8,58.0,329.1,325.6,75
166,133.7,12.8,17.3,55.1,253.6,139.3,55
45,86.3,10.8,15.5,61.0,425.8,144.1,15
681,211.0,14.2,30.7,48.5,653.6,316.1,34
2484,209.2,4.8,29.2,80.8,790.7,299.9,1361
470,181.4,26.6,24.1,56.9,507.3,237.1,183
2888,279.6,34.0,26.7,83.1,418.7,389.7,746
417,178.3,10.9,19.7,59.7,406.4,246.6,201
15,86.6,14.7,12.3,49.5,266.2,165.5,4
189,92.4,19.8,15.1,57.1,377.1,152.3,67
42,90.0,20.0,7.4,46.3,319.8,123.0,0
419,170.3,26.8,18.1,53.1,267.5,226.9,100
196,83.1,15.4,21.2,55.1,218.0,161.6,48
508,88.3,28.8,19.0,46.0,509.5,356.7,145
5139,312.3,31.4,31.7,53.0,657.3,432.5,1614
366,187.7,13.8,21.6,75.4,240.1,269.8,124
35,71.4,12.0,9.8,54.7,292.6,136.7,8
69,82.2,15.5,34.9,86.1,715.8,87.8,32
30,122.5,9.5,6.9,52.9,281.6,131.3,7
29,99.2,11.3,22.6,74.0,478.2,,14
978,161.7,16.3,17.9,75.2,266.8,241.3,305
563,165.7,20.5,32.5,72.7,471.8,295.1,174
136,119.4,5.3,29.5,60.1,759.6,125.8,103
2380,150.0,22.6,26.7,67.1,423.8,358.7,687
134,151.8,6.5,22.3,53.8,473.6,146.7,81
777,239.6,23.1,27.2,62.0,406.2,242.4,346
128,106.0,19.2,18.4,67.1,446.1,136.9,45
13,88.8,15.1,16.1,71.8,478.8,173.8,5
167,120.5,8.7,8.0,57.7,248.8,181.2,44
758,200.6,17.3,16.2,55.6,633.0,196.4,397
49,85.5,11.7,23.7,62.7,558.7,144.1,26
89,124.4,13.8,26.8,70.6,623.9,160.6,38
667,171.5,13.3,29.1,66.3,761.9,318.6,332
37,67.3,9.5,26.1,70.6,452.1,109.4,18
977,156.0,23.3,15.4,55.9,275.6,153.2,289
41,61.4,7.3,28.1,66.1,438.0,138.5,18
6590,600.0,25.7,20.0,57.5,664.1,439.9,2554
19,80.9,13.1,9.3,57.5,283.4,118.6,4
8506,348.3,27.3,16.4,60.7,389.1,250.1,1876
17,58.9,15.9,21.3,67.7,551.8,131.0,7
2946,185.4,28.0,12.5,40.6,336.7,328.8,562
662,153.4,16.4,19.4,67.3,351.5,286.8,232
2765,95.1,22.9,28.9,57.2,644.6,288.9,810
46,85.7,11.6,17.9,50.3,316.9,142.1,14
149,117.1,12.3,31.9,74.2,573.0,76.7,86
356,142.3,16.5,21.0,50.9,426.1,236.4,104
695,176.0,13.0,22.9,70.5,472.7,254.4,270
2758,304.9,21.8,25.7,68.3,483.3,348.6,1246
80,96.6,14.4,29.2,88.1,704.3,147.6,33
68,127.6,12.9,16.0,60.3,563.6,90.5,29
138,132.5,16.5,21.9,62.5,521.5,170.3,71
8246,224.5,31.7,18.6,66.1,585.8,435.8,1875
93,137.7,12.0,21.8,66.4,298.8,158.6,46
314,143.1,21.2,28.0,66.3,403.9,289.5,126
167,99.8,16.6,17.3,72.0,424.7,136.9,69
196,103.4,6.3,18.4,54.7,470.4,159.9,76
29,75.0,13.7,21.8,47.7,464.5,138.5,13
191,92.7,12.5,20.4,63.5,411.1,152.6,84
35,84.4,12.0,28.9,74.9,,185.9,19
642,152.0,19.9,16.6,55.3,341.8,257.0,181
731,195.6,8.7,9.1,52.2,300.4,255.6,206
706,103.9,18.5,19.0,68.5,645.5,185.2,340
813,194.2,7.4,12.2,53.5,376.1,261.8,269
817,212.0,12.9,23.2,58.0,734.2,311.5,427
1976,275.3,14.7,15.8,47.6,335.2,392.1,572
248,173.2,21.1,16.9,54.4,296.6,280.5,66
250,173.6,13.5,19.7,54.3,395.1,196.7,0
596,179.4,16.9,7.7,41.9,286.8,255.1,117
2226,236.0,21.0,5.0,58.4,255.6,355.4,331
27,70.9,18.8,30.1,56.1,798.6,165.6,15
97,163.6,9.2,9.8,56.1,282.4,130.5,23
444,186.3,15.4,24.7,68.7,455.9,246.3,214
30,95.5,10.2,10.6,56.1,97.5,172.9,6
197,133.4,18.4,18.1,81.0,393.0,162.2,62
713,182.0,28.5,33.0,79.3,590.2,227.2,199
197,113.1,19.9,17.9,59.7,563.2,131.8,83
349,217.5,23.5,15.3,67.6,326.9,290.2,102
2132,244.7,19.1,13.8,60.3,404.0,401.6,0
31,91.8,11.8,5.0,51.6,297.8,147.5,8
215,187.7,13.9,21.4,47.8,641.4,253.6,123
588,199.0,16.8,28.3,47.7,675.8,246.4,354
305,157.3,15.2,29.3,,683.5,234.9,140
8425,441.7,26.0,26.7,84.2,663.8,481.6,2694
12,68.4,12.8,20.4,75.2,485.0,148.0,5
386,216.0,21.8,23.9,56.2,446.7,278.6,0
2066,200.9,12.0,14.6,61.7,340.9,471.4,625
20,82.8,16.2,20.5,48.1,347.7,95.2,8
747,226.2,26.1,17.7,57.1,300.9,270.0,205
22,69.9,6.5,19.7,76.7,368.1,137.9,8
12,79.4,13.9,31.7,67.0,929.2,199.1,6
1559,370.0,35.7,21.4,64.2,361.4,410.5,30
150,133.8,16.8,21.4,40.2,513.4,127.9,59
147,122.9,16.8,23.8,70.7,537.9,153.2,78
1409,213.2,13.5,20.7,,564.6,319.1,549
580,272.9,22.8,12.9,60.8,256.9,276.2,163
567,180.9,17.4,17.7,72.5,360.8,290.0,174
25,81.3,18.5,8.9,59.4,235.2,155.7,6
372,171.0,16.3,21.5,79.7,586.7,227.9,175
1998,85.3,8.8,16.2,70.0,417.9,382.6,554
189,156.6,7.1,25.6,63.9,529.0,142.6,108
2948,346.5,11.0,15.3,50.0,305.1,402.4,849
997,155.6,26.6,23.5,47.5,382.1,236.1,407
930,185.0,21.3,27.7,68.4,589.1,252.3,332
172,100.2,9.6,20.0,49.3,278.3,90.2,56
2451,211.9,18.6,24.7,95.0,776.1,351.2,1169
930,183.7,14.4,8.5,54.6,247.4,219.4,265
473,162.1,20.6,15.2,73.6,296.7,250.0,131
669,204.1,17.4,18.6,56.7,427.7,240.1,294
174,132.6,11.5,28.0,61.3,393.7,168.2,93
7472,342.2,21.6,24.4,56.8,342.8,341.4,2108
117,121.4,9.5,26.3,63.7,463.4,167.1,64
1707,239.3,35.1,27.0,73.2,626.8,238.3,618
5211,360.1,22.3,22.5,60.6,447.1,508.5,1877
1650,296.4,30.7,20.5,69.6,360.2,368.5,455
468,184.8,12.9,26.1,63.5,638.7,239.9,258
108,121.4,7.6,17.5,70.1,536.2,81.6,56
489,227.9,26.2,10.2,44.2,383.1,195.4,158
1965,240.5,31.3,5.0,44.7,223.8,401.6,301
1577,250.2,22.7,15.5,48.6,273.1,409.9,390
323,156.8,13.5,14.5,67.3,343.7,279.8,100
41,95.3,15.0,23.9,67.4,436.7,122.9,13
